,configuration,migration_mechanism,thread_cnt,page_cnt,rpdaa,nt,bandwidth(MBps)
0,dram to dram,native THP,1,1,True,True,1111.4071158729719
1,dram to dram,native THP,1,1,False,True,1128.739514009915
2,dram to dram,native THP,1,1,True,False,1199.9093348506588
3,dram to dram,native THP,1,1,False,False,2011.615470047146
4,dram to pmem,native THP,1,1,True,True,1446.3334362640628
5,dram to pmem,native THP,1,1,False,True,1111.0280309039113
6,dram to pmem,native THP,1,1,True,False,1202.6696861693588
7,dram to pmem,native THP,1,1,False,False,959.3941234231758
8,pmem to dram,native THP,1,1,True,True,1251.2247926689238
9,pmem to dram,native THP,1,1,False,True,1284.558476698623
10,pmem to dram,native THP,1,1,True,False,3347.643392957094
11,pmem to dram,native THP,1,1,False,False,635.5509804358978
12,pmem to pmem,native THP,1,1,True,True,1411.4810148040362
13,pmem to pmem,native THP,1,1,False,True,1162.7011967218336
14,pmem to pmem,native THP,1,1,True,False,1205.465580944
15,pmem to pmem,native THP,1,1,False,False,933.9331051734756
16,dram to dram,native THP,1,2,True,True,1183.5309070515777
17,dram to dram,native THP,1,2,False,True,1209.6172311426117
18,dram to dram,native THP,1,2,True,False,1301.4924083297076
19,dram to dram,native THP,1,2,False,False,2234.640367035211
20,dram to pmem,native THP,1,2,True,True,1523.9600039744878
21,dram to pmem,native THP,1,2,False,True,1379.5732248841623
22,dram to pmem,native THP,1,2,True,False,1439.9328069754954
23,dram to pmem,native THP,1,2,False,False,987.4977843018464
24,pmem to dram,native THP,1,2,True,True,1344.9244300412004
25,pmem to dram,native THP,1,2,False,True,1238.8416756002637
26,pmem to dram,native THP,1,2,True,False,4392.056000470829
27,pmem to dram,native THP,1,2,False,False,1012.5577923688481
28,pmem to pmem,native THP,1,2,True,True,1514.5860696854993
29,pmem to pmem,native THP,1,2,False,True,1292.5587907440383
30,pmem to pmem,native THP,1,2,True,False,1492.6758872241571
31,pmem to pmem,native THP,1,2,False,False,976.0805602233897
32,dram to dram,native THP,1,4,True,True,1231.5356248619332
33,dram to dram,native THP,1,4,False,True,1189.9854631375824
34,dram to dram,native THP,1,4,True,False,1341.7331193537357
35,dram to dram,native THP,1,4,False,False,2374.005870204315
36,dram to pmem,native THP,1,4,True,True,1640.8178377573267
37,dram to pmem,native THP,1,4,False,True,1477.0720385019506
38,dram to pmem,native THP,1,4,True,False,1640.7771179848369
39,dram to pmem,native THP,1,4,False,False,926.314120158133
40,pmem to dram,native THP,1,4,True,True,1386.5324096577945
41,pmem to dram,native THP,1,4,False,True,1297.4974064648718
42,pmem to dram,native THP,1,4,True,False,3052.895148239811
43,pmem to dram,native THP,1,4,False,False,1255.6818820360957
44,pmem to pmem,native THP,1,4,True,True,1625.1481932008676
45,pmem to pmem,native THP,1,4,False,True,1462.245212453811
46,pmem to pmem,native THP,1,4,True,False,1630.0558832058439
47,pmem to pmem,native THP,1,4,False,False,897.3366957137546
48,dram to dram,native THP,1,8,True,True,1252.0712584428925
49,dram to dram,native THP,1,8,False,True,1219.4260545680356
50,dram to dram,native THP,1,8,True,False,1767.8939541186878
51,dram to dram,native THP,1,8,False,False,2188.4987333653235
52,dram to pmem,native THP,1,8,True,True,1692.3091698237752
53,dram to pmem,native THP,1,8,False,True,1139.6896684866417
54,dram to pmem,native THP,1,8,True,False,1707.7968182891377
55,dram to pmem,native THP,1,8,False,False,766.9175468060085
56,pmem to dram,native THP,1,8,True,True,1422.707713325463
57,pmem to dram,native THP,1,8,False,True,1429.4508216117026
58,pmem to dram,native THP,1,8,True,False,812.5334751095911
59,pmem to dram,native THP,1,8,False,False,752.5152846906889
60,pmem to pmem,native THP,1,8,True,True,1590.9054932932597
61,pmem to pmem,native THP,1,8,False,True,1070.6807630533015
62,pmem to pmem,native THP,1,8,True,False,1479.2833759613493
63,pmem to pmem,native THP,1,8,False,False,629.0870211043598
64,dram to dram,native THP,1,16,True,True,1284.2330375691138
65,dram to dram,native THP,1,16,False,True,1281.6508893840119
66,dram to dram,native THP,1,16,True,False,1999.4709399892788
67,dram to dram,native THP,1,16,False,False,2225.5247463955434
68,dram to pmem,native THP,1,16,True,True,1721.9091904912084
69,dram to pmem,native THP,1,16,False,True,1046.6993004830074
70,dram to pmem,native THP,1,16,True,False,1104.5866018712484
71,dram to pmem,native THP,1,16,False,False,749.5639938502959
72,pmem to dram,native THP,1,16,True,True,1409.5358358849237
73,pmem to dram,native THP,1,16,False,True,1389.154395846248
74,pmem to dram,native THP,1,16,True,False,796.9475514122695
75,pmem to dram,native THP,1,16,False,False,776.4638397368541
76,pmem to pmem,native THP,1,16,True,True,1347.5531294508469
77,pmem to pmem,native THP,1,16,False,True,987.5156299036324
78,pmem to pmem,native THP,1,16,True,False,892.172544809603
79,pmem to pmem,native THP,1,16,False,False,515.8155861016817
80,dram to dram,native THP,1,32,True,True,1326.005682282425
81,dram to dram,native THP,1,32,False,True,1476.136057951441
82,dram to dram,native THP,1,32,True,False,2035.8507074794336
83,dram to dram,native THP,1,32,False,False,2338.2478675727475
84,dram to pmem,native THP,1,32,True,True,1799.677341473439
85,dram to pmem,native THP,1,32,False,True,996.0161594657728
86,dram to pmem,native THP,1,32,True,False,799.1335733862328
87,dram to pmem,native THP,1,32,False,False,565.66283680047
88,pmem to dram,native THP,1,32,True,True,1542.9781619407656
89,pmem to dram,native THP,1,32,False,True,1605.5301442223142
90,pmem to dram,native THP,1,32,True,False,1217.1869413064392
91,pmem to dram,native THP,1,32,False,False,1181.3472243228052
92,pmem to pmem,native THP,1,32,True,True,1283.6613873752103
93,pmem to pmem,native THP,1,32,False,True,996.515527751665
94,pmem to pmem,native THP,1,32,True,False,714.5773527628494
95,pmem to pmem,native THP,1,32,False,False,476.2516539754853
96,dram to dram,native THP,1,64,True,True,1533.4644092386943
97,dram to dram,native THP,1,64,False,True,1590.9861842463772
98,dram to dram,native THP,1,64,True,False,2227.9389898959066
99,dram to dram,native THP,1,64,False,False,2474.090569729324
100,dram to pmem,native THP,1,64,True,True,1862.0912470041317
101,dram to pmem,native THP,1,64,False,True,1005.9854151668642
102,dram to pmem,native THP,1,64,True,False,731.7827902609548
103,dram to pmem,native THP,1,64,False,False,482.6334572436668
104,pmem to dram,native THP,1,64,True,True,1499.1334622093084
105,pmem to dram,native THP,1,64,False,True,1518.2952561884824
106,pmem to dram,native THP,1,64,True,False,1658.4924970227014
107,pmem to dram,native THP,1,64,False,False,1610.1682892294778
108,pmem to pmem,native THP,1,64,True,True,1261.1133296853266
109,pmem to pmem,native THP,1,64,False,True,977.4478333380457
110,pmem to pmem,native THP,1,64,True,False,699.4522806676036
111,pmem to pmem,native THP,1,64,False,False,438.9863319691836
112,dram to dram,native THP,1,128,True,True,1685.7749765108658
113,dram to dram,native THP,1,128,False,True,1776.7823009451286
114,dram to dram,native THP,1,128,True,False,2625.8245478851195
115,dram to dram,native THP,1,128,False,False,2768.5903956033194
116,dram to pmem,native THP,1,128,True,True,1884.7385129174304
117,dram to pmem,native THP,1,128,False,True,997.1181252992675
118,dram to pmem,native THP,1,128,True,False,710.8540769397008
119,dram to pmem,native THP,1,128,False,False,434.0567906957846
120,pmem to dram,native THP,1,128,True,True,1491.6473673232138
121,pmem to dram,native THP,1,128,False,True,1520.3290201044747
122,pmem to dram,native THP,1,128,True,False,1953.0645836207525
123,pmem to dram,native THP,1,128,False,False,1922.3383708410586
124,pmem to pmem,native THP,1,128,True,True,1264.01368397514
125,pmem to pmem,native THP,1,128,False,True,950.9826830592872
126,pmem to pmem,native THP,1,128,True,False,692.954290454749
127,pmem to pmem,native THP,1,128,False,False,461.87509959339707
128,dram to dram,native THP,1,256,True,True,1788.682399285888
129,dram to dram,native THP,1,256,False,True,1890.0032853572734
130,dram to dram,native THP,1,256,True,False,2741.7022947666937
131,dram to dram,native THP,1,256,False,False,3126.9285919917043
132,dram to pmem,native THP,1,256,True,True,1928.949084886323
133,dram to pmem,native THP,1,256,False,True,1016.4816475705682
134,dram to pmem,native THP,1,256,True,False,697.5163872946968
135,dram to pmem,native THP,1,256,False,False,405.5831614106052
136,pmem to dram,native THP,1,256,True,True,1493.55085208803
137,pmem to dram,native THP,1,256,False,True,1571.6898626755935
138,pmem to dram,native THP,1,256,True,False,2146.248224633529
139,pmem to dram,native THP,1,256,False,False,2137.3475266890355
140,pmem to pmem,native THP,1,256,True,True,1259.1819263243506
141,pmem to pmem,native THP,1,256,False,True,954.4012561575821
142,pmem to pmem,native THP,1,256,True,False,688.2562335844956
143,pmem to pmem,native THP,1,256,False,False,405.65658199090166
144,dram to dram,native THP,1,512,True,True,1819.0869437788467
145,dram to dram,native THP,1,512,False,True,1960.3353036988915
146,dram to dram,native THP,1,512,True,False,2869.8289633000654
147,dram to dram,native THP,1,512,False,False,3195.8650978552732
148,dram to pmem,native THP,1,512,True,True,1954.9149130366848
149,dram to pmem,native THP,1,512,False,True,1004.4152308356403
150,dram to pmem,native THP,1,512,True,False,689.3429562308717
151,dram to pmem,native THP,1,512,False,False,385.9700475127289
152,pmem to dram,native THP,1,512,True,True,1523.7706427154603
153,pmem to dram,native THP,1,512,False,True,1543.0939133444494
154,pmem to dram,native THP,1,512,True,False,2251.654180382275
155,pmem to dram,native THP,1,512,False,False,2253.130178923682
156,pmem to pmem,native THP,1,512,True,True,1271.6282633043577
157,pmem to pmem,native THP,1,512,False,True,949.8488727831293
158,pmem to pmem,native THP,1,512,True,False,685.6214566399341
159,pmem to pmem,native THP,1,512,False,False,391.73510691505004
160,dram to dram,native THP,2,1,True,True,1857.2388763927668
161,dram to dram,native THP,2,1,False,True,2069.6790569383197
162,dram to dram,native THP,2,1,True,False,2011.5438478339495
163,dram to dram,native THP,2,1,False,False,3310.6597284067184
164,dram to pmem,native THP,2,1,True,True,1472.0934508476093
165,dram to pmem,native THP,2,1,False,True,1053.6152119278515
166,dram to pmem,native THP,2,1,True,False,1269.514178505627
167,dram to pmem,native THP,2,1,False,False,1119.0668057144476
168,pmem to dram,native THP,2,1,True,True,2094.2259259305797
169,pmem to dram,native THP,2,1,False,True,2067.932406734181
170,pmem to dram,native THP,2,1,True,False,4723.248347925809
171,pmem to dram,native THP,2,1,False,False,3199.286431154395
172,pmem to pmem,native THP,2,1,True,True,1298.7594898732475
173,pmem to pmem,native THP,2,1,False,True,1028.062825330481
174,pmem to pmem,native THP,2,1,True,False,1267.098383980734
175,pmem to pmem,native THP,2,1,False,False,1105.5990854484364
176,dram to dram,native THP,2,2,True,True,2067.254614551591
177,dram to dram,native THP,2,2,False,True,2151.0696193682306
178,dram to dram,native THP,2,2,True,False,2215.092332247458
179,dram to dram,native THP,2,2,False,False,3744.264488852669
180,dram to pmem,native THP,2,2,True,True,1653.6319131115647
181,dram to pmem,native THP,2,2,False,True,1104.1137290138342
182,dram to pmem,native THP,2,2,True,False,1579.310776142805
183,dram to pmem,native THP,2,2,False,False,1153.0448541943074
184,pmem to dram,native THP,2,2,True,True,2332.1643359599334
185,pmem to dram,native THP,2,2,False,True,2317.7855506003875
186,pmem to dram,native THP,2,2,True,False,4943.22337215329
187,pmem to dram,native THP,2,2,False,False,3411.8543172325085
188,pmem to pmem,native THP,2,2,True,True,1430.0610414405235
189,pmem to pmem,native THP,2,2,False,True,1083.164328105856
190,pmem to pmem,native THP,2,2,True,False,1473.275880484914
191,pmem to pmem,native THP,2,2,False,False,1169.5158900077322
192,dram to dram,native THP,2,4,True,True,2194.708743769016
193,dram to dram,native THP,2,4,False,True,2218.6732079069297
194,dram to dram,native THP,2,4,True,False,2389.314840673617
195,dram to dram,native THP,2,4,False,False,3941.372866879737
196,dram to pmem,native THP,2,4,True,True,1752.9081403388773
197,dram to pmem,native THP,2,4,False,True,1060.299188333019
198,dram to pmem,native THP,2,4,True,False,1705.6644818952454
199,dram to pmem,native THP,2,4,False,False,1116.0025502890278
200,pmem to dram,native THP,2,4,True,True,2457.9256889181656
201,pmem to dram,native THP,2,4,False,True,2397.601295807596
202,pmem to dram,native THP,2,4,True,False,3520.2206755937123
203,pmem to dram,native THP,2,4,False,False,2082.766321897679
204,pmem to pmem,native THP,2,4,True,True,1484.5198537644028
205,pmem to pmem,native THP,2,4,False,True,1076.4329562974408
206,pmem to pmem,native THP,2,4,True,False,1515.548542944053
207,pmem to pmem,native THP,2,4,False,False,1083.8561042288056
208,dram to dram,native THP,2,8,True,True,2276.188566630854
209,dram to dram,native THP,2,8,False,True,2329.0797543868944
210,dram to dram,native THP,2,8,True,False,3156.6298005187527
211,dram to dram,native THP,2,8,False,False,3934.2475114777985
212,dram to pmem,native THP,2,8,True,True,1778.5027350148528
213,dram to pmem,native THP,2,8,False,True,1035.6002873894356
214,dram to pmem,native THP,2,8,True,False,1962.00075419309
215,dram to pmem,native THP,2,8,False,False,747.1381945469035
216,pmem to dram,native THP,2,8,True,True,2588.359725705049
217,pmem to dram,native THP,2,8,False,True,2538.7341008603516
218,pmem to dram,native THP,2,8,True,False,848.2930070213107
219,pmem to dram,native THP,2,8,False,False,800.7460070099708
220,pmem to pmem,native THP,2,8,True,True,1446.6570964272
221,pmem to pmem,native THP,2,8,False,True,1038.5276627161247
222,pmem to pmem,native THP,2,8,True,False,1298.9846291798322
223,pmem to pmem,native THP,2,8,False,False,536.5952565475671
224,dram to dram,native THP,2,16,True,True,2290.705897486759
225,dram to dram,native THP,2,16,False,True,2540.3627117177975
226,dram to dram,native THP,2,16,True,False,3248.7847920485337
227,dram to dram,native THP,2,16,False,False,4000.1816082450146
228,dram to pmem,native THP,2,16,True,True,1794.965550179771
229,dram to pmem,native THP,2,16,False,True,1121.0922263436998
230,dram to pmem,native THP,2,16,True,False,1140.5757144313209
231,dram to pmem,native THP,2,16,False,False,615.6160396604477
232,pmem to dram,native THP,2,16,True,True,2202.356659272713
233,pmem to dram,native THP,2,16,False,True,2390.2244242961474
234,pmem to dram,native THP,2,16,True,False,827.7331280996634
235,pmem to dram,native THP,2,16,False,False,808.4060404463125
236,pmem to pmem,native THP,2,16,True,True,1111.4723936689616
237,pmem to pmem,native THP,2,16,False,True,1102.202194473547
238,pmem to pmem,native THP,2,16,True,False,762.283823870835
239,pmem to pmem,native THP,2,16,False,False,404.17520463630586
240,dram to dram,native THP,2,32,True,True,2351.7980988387544
241,dram to dram,native THP,2,32,False,True,2692.349595234265
242,dram to dram,native THP,2,32,True,False,3584.0462141255034
243,dram to dram,native THP,2,32,False,False,4468.362783637532
244,dram to pmem,native THP,2,32,True,True,1843.8288595159654
245,dram to pmem,native THP,2,32,False,True,1154.4493564099967
246,dram to pmem,native THP,2,32,True,False,822.763064837257
247,dram to pmem,native THP,2,32,False,False,364.789500139789
248,pmem to dram,native THP,2,32,True,True,2716.3002632264725
249,pmem to dram,native THP,2,32,False,True,2804.0696303766545
250,pmem to dram,native THP,2,32,True,False,1394.8601921385914
251,pmem to dram,native THP,2,32,False,False,1349.064311337534
252,pmem to pmem,native THP,2,32,True,True,1100.220857647326
253,pmem to pmem,native THP,2,32,False,True,1138.7424758658478
254,pmem to pmem,native THP,2,32,True,False,661.5061182463147
255,pmem to pmem,native THP,2,32,False,False,315.28645271347034
256,dram to dram,native THP,2,64,True,True,2607.4340756637034
257,dram to dram,native THP,2,64,False,True,2882.464172501645
258,dram to dram,native THP,2,64,True,False,4376.144678078148
259,dram to dram,native THP,2,64,False,False,4604.114760668188
260,dram to pmem,native THP,2,64,True,True,1861.1632310325285
261,dram to pmem,native THP,2,64,False,True,1176.5474055344664
262,dram to pmem,native THP,2,64,True,False,724.200197658223
263,dram to pmem,native THP,2,64,False,False,275.49763392666716
264,pmem to dram,native THP,2,64,True,True,2980.928619535636
265,pmem to dram,native THP,2,64,False,True,2937.53527681524
266,pmem to dram,native THP,2,64,True,False,2132.594822854828
267,pmem to dram,native THP,2,64,False,False,2106.7282695957783
268,pmem to pmem,native THP,2,64,True,True,1106.7807239250726
269,pmem to pmem,native THP,2,64,False,True,1160.8191926435406
270,pmem to pmem,native THP,2,64,True,False,660.823764815168
271,pmem to pmem,native THP,2,64,False,False,247.99359138061075
272,dram to dram,native THP,2,128,True,True,3088.5314187771573
273,dram to dram,native THP,2,128,False,True,3204.8412572394955
274,dram to dram,native THP,2,128,True,False,4838.285504392681
275,dram to dram,native THP,2,128,False,False,4992.057519485151
276,dram to pmem,native THP,2,128,True,True,1889.1183741349942
277,dram to pmem,native THP,2,128,False,True,1207.4447409070312
278,dram to pmem,native THP,2,128,True,False,675.8456063934229
279,dram to pmem,native THP,2,128,False,False,246.64988777492732
280,pmem to dram,native THP,2,128,True,True,2995.5864947633754
281,pmem to dram,native THP,2,128,False,True,2989.8786674067806
282,pmem to dram,native THP,2,128,True,False,2859.701281234199
283,pmem to dram,native THP,2,128,False,False,2827.086841152685
284,pmem to pmem,native THP,2,128,True,True,1130.0786683340848
285,pmem to pmem,native THP,2,128,False,True,1176.6447424719295
286,pmem to pmem,native THP,2,128,True,False,640.2351939197799
287,pmem to pmem,native THP,2,128,False,False,233.2280378771466
288,dram to dram,native THP,2,256,True,True,3331.458802149132
289,dram to dram,native THP,2,256,False,True,3690.7317533977725
290,dram to dram,native THP,2,256,True,False,5264.692589427554
291,dram to dram,native THP,2,256,False,False,5716.34523181066
292,dram to pmem,native THP,2,256,True,True,1932.5099830767006
293,dram to pmem,native THP,2,256,False,True,1223.6050789179749
294,dram to pmem,native THP,2,256,True,False,646.3404240787877
295,dram to pmem,native THP,2,256,False,False,221.68805655589244
296,pmem to dram,native THP,2,256,True,True,3040.457972782723
297,pmem to dram,native THP,2,256,False,True,2973.5785972554622
298,pmem to dram,native THP,2,256,True,False,3393.2483659789295
299,pmem to dram,native THP,2,256,False,False,3416.834176072348
300,pmem to pmem,native THP,2,256,True,True,1149.7189065269592
301,pmem to pmem,native THP,2,256,False,True,1194.029650813132
302,pmem to pmem,native THP,2,256,True,False,639.0078691934517
303,pmem to pmem,native THP,2,256,False,False,223.97217417302164
304,dram to dram,native THP,2,512,True,True,3424.815765664719
305,dram to dram,native THP,2,512,False,True,3741.467342575993
306,dram to dram,native THP,2,512,True,False,5336.116390395198
307,dram to dram,native THP,2,512,False,False,5893.261060006479
308,dram to pmem,native THP,2,512,True,True,1948.2155383131876
309,dram to pmem,native THP,2,512,False,True,1207.2329976737678
310,dram to pmem,native THP,2,512,True,False,635.6640445725542
311,dram to pmem,native THP,2,512,False,False,219.39128722699655
312,pmem to dram,native THP,2,512,True,True,3032.631740041589
313,pmem to dram,native THP,2,512,False,True,3045.877351493685
314,pmem to dram,native THP,2,512,True,False,3836.8730491828337
315,pmem to dram,native THP,2,512,False,False,3848.8828260899054
316,pmem to pmem,native THP,2,512,True,True,1155.2757801133455
317,pmem to pmem,native THP,2,512,False,True,1200.8284254502257
318,pmem to pmem,native THP,2,512,True,False,639.8955101023774
319,pmem to pmem,native THP,2,512,False,False,220.17430614721656
320,dram to dram,native THP,4,1,True,True,2670.9651398984765
321,dram to dram,native THP,4,1,False,True,3010.1496224971356
322,dram to dram,native THP,4,1,True,False,2716.6936751296203
323,dram to dram,native THP,4,1,False,False,4212.761296519417
324,dram to pmem,native THP,4,1,True,True,1524.5013279931068
325,dram to pmem,native THP,4,1,False,True,998.695603672044
326,dram to pmem,native THP,4,1,True,False,1204.7031611410948
327,dram to pmem,native THP,4,1,False,False,556.6159708261985
328,pmem to dram,native THP,4,1,True,True,2956.335515700211
329,pmem to dram,native THP,4,1,False,True,3009.0418699149072
330,pmem to dram,native THP,4,1,True,False,3425.792034553909
331,pmem to dram,native THP,4,1,False,False,783.3329925834815
332,pmem to pmem,native THP,4,1,True,True,1075.1586423455747
333,pmem to pmem,native THP,4,1,False,True,976.3432994877419
334,pmem to pmem,native THP,4,1,True,False,1097.728580022218
335,pmem to pmem,native THP,4,1,False,False,477.4631884237331
336,dram to dram,native THP,4,2,True,True,3347.382857081648
337,dram to dram,native THP,4,2,False,True,3524.8060871991206
338,dram to dram,native THP,4,2,True,False,3367.2709346601273
339,dram to dram,native THP,4,2,False,False,5617.371609354496
340,dram to pmem,native THP,4,2,True,True,1632.200974864676
341,dram to pmem,native THP,4,2,False,True,994.0270406169886
342,dram to pmem,native THP,4,2,True,False,1582.8734360517947
343,dram to pmem,native THP,4,2,False,False,707.6769217072961
344,pmem to dram,native THP,4,2,True,True,3926.867588773714
345,pmem to dram,native THP,4,2,False,True,3601.411609294378
346,pmem to dram,native THP,4,2,True,False,7500.415335499203
347,pmem to dram,native THP,4,2,False,False,918.3773319494611
348,pmem to pmem,native THP,4,2,True,True,1169.30426630016
349,pmem to pmem,native THP,4,2,False,True,1023.6441845571094
350,pmem to pmem,native THP,4,2,True,False,1064.4596869157945
351,pmem to pmem,native THP,4,2,False,False,737.6616590136114
352,dram to dram,native THP,4,4,True,True,3793.187814004829
353,dram to dram,native THP,4,4,False,True,3737.2493228337803
354,dram to dram,native THP,4,4,True,False,3854.791172952241
355,dram to dram,native THP,4,4,False,False,6458.084528899686
356,dram to pmem,native THP,4,4,True,True,1716.7501336275388
357,dram to pmem,native THP,4,4,False,True,1006.608713350981
358,dram to pmem,native THP,4,4,True,False,1750.588646373522
359,dram to pmem,native THP,4,4,False,False,286.2140235769947
360,pmem to dram,native THP,4,4,True,True,4357.594202743825
361,pmem to dram,native THP,4,4,False,True,4114.428849387628
362,pmem to dram,native THP,4,4,True,False,7395.895832505148
363,pmem to dram,native THP,4,4,False,False,1305.7350986654246
364,pmem to pmem,native THP,4,4,True,True,1195.9141831116826
365,pmem to pmem,native THP,4,4,False,True,1015.4789197873455
366,pmem to pmem,native THP,4,4,True,False,1095.5932800581015
367,pmem to pmem,native THP,4,4,False,False,283.5865319140981
368,dram to dram,native THP,4,8,True,True,4287.801985874051
369,dram to dram,native THP,4,8,False,True,4496.942753469054
370,dram to dram,native THP,4,8,True,False,5081.304363208079
371,dram to dram,native THP,4,8,False,False,6743.55556327318
372,dram to pmem,native THP,4,8,True,True,1773.7873475083331
373,dram to pmem,native THP,4,8,False,True,1020.1734062701208
374,dram to pmem,native THP,4,8,True,False,2078.300652531849
375,dram to pmem,native THP,4,8,False,False,209.08067423551773
376,pmem to dram,native THP,4,8,True,True,4693.607189667493
377,pmem to dram,native THP,4,8,False,True,4647.578750898145
378,pmem to dram,native THP,4,8,True,False,884.8934181273601
379,pmem to dram,native THP,4,8,False,False,811.6414051395731
380,pmem to pmem,native THP,4,8,True,True,1168.326527636589
381,pmem to pmem,native THP,4,8,False,True,929.8849325513775
382,pmem to pmem,native THP,4,8,True,False,980.9743819888984
383,pmem to pmem,native THP,4,8,False,False,216.06027967290927
384,dram to dram,native THP,4,16,True,True,4913.577994098731
385,dram to dram,native THP,4,16,False,True,4774.120827746618
386,dram to dram,native THP,4,16,True,False,6082.924864928653
387,dram to dram,native THP,4,16,False,False,7257.954695665342
388,dram to pmem,native THP,4,16,True,True,1761.3373570351364
389,dram to pmem,native THP,4,16,False,True,486.7924832547189
390,dram to pmem,native THP,4,16,True,False,1189.8275839439164
391,dram to pmem,native THP,4,16,False,False,178.72497666435453
392,pmem to dram,native THP,4,16,True,True,3426.136008734419
393,pmem to dram,native THP,4,16,False,True,3579.2934295805335
394,pmem to dram,native THP,4,16,True,False,807.7828096588448
395,pmem to dram,native THP,4,16,False,False,814.8565958322692
396,pmem to pmem,native THP,4,16,True,True,373.9938513540868
397,pmem to pmem,native THP,4,16,False,True,504.6417006707911
398,pmem to pmem,native THP,4,16,True,False,394.751779045113
399,pmem to pmem,native THP,4,16,False,False,182.88838458255077
400,dram to dram,native THP,4,32,True,True,5067.301202568755
401,dram to dram,native THP,4,32,False,True,5050.922532848872
402,dram to dram,native THP,4,32,True,False,6700.095957936797
403,dram to dram,native THP,4,32,False,False,7443.587031094143
404,dram to pmem,native THP,4,32,True,True,1797.7826239005942
405,dram to pmem,native THP,4,32,False,True,326.1573361565159
406,dram to pmem,native THP,4,32,True,False,787.5286781336798
407,dram to pmem,native THP,4,32,False,False,148.82596062089357
408,pmem to dram,native THP,4,32,True,True,4335.92861695679
409,pmem to dram,native THP,4,32,False,True,4312.643703689788
410,pmem to dram,native THP,4,32,True,False,1415.7050084856032
411,pmem to dram,native THP,4,32,False,False,1392.5312829215336
412,pmem to pmem,native THP,4,32,True,True,294.046859601593
413,pmem to pmem,native THP,4,32,False,True,359.59918930520365
414,pmem to pmem,native THP,4,32,True,False,487.721071063577
415,pmem to pmem,native THP,4,32,False,False,148.3420117906848
416,dram to dram,native THP,4,64,True,True,5637.160698857133
417,dram to dram,native THP,4,64,False,True,5664.446475069833
418,dram to dram,native THP,4,64,True,False,7854.388666666962
419,dram to dram,native THP,4,64,False,False,8148.472502623044
420,dram to pmem,native THP,4,64,True,True,1819.3952152344966
421,dram to pmem,native THP,4,64,False,True,308.03594785672203
422,dram to pmem,native THP,4,64,True,False,653.1630046147293
423,dram to pmem,native THP,4,64,False,False,134.95045842471464
424,pmem to dram,native THP,4,64,True,True,4735.61813490758
425,pmem to dram,native THP,4,64,False,True,4652.059022039355
426,pmem to dram,native THP,4,64,True,False,2313.4266082361614
427,pmem to dram,native THP,4,64,False,False,2262.6022801848208
428,pmem to pmem,native THP,4,64,True,True,350.92929386168146
429,pmem to pmem,native THP,4,64,False,True,329.61709967812686
430,pmem to pmem,native THP,4,64,True,False,472.85709368106063
431,pmem to pmem,native THP,4,64,False,False,134.5199428573996
432,dram to dram,native THP,4,128,True,True,6080.763503705908
433,dram to dram,native THP,4,128,False,True,5777.026387235992
434,dram to dram,native THP,4,128,True,False,8493.36931283825
435,dram to dram,native THP,4,128,False,False,8843.69563890837
436,dram to pmem,native THP,4,128,True,True,1846.2971685221241
437,dram to pmem,native THP,4,128,False,True,291.83703717701076
438,dram to pmem,native THP,4,128,True,False,582.7956424311536
439,dram to pmem,native THP,4,128,False,False,127.69935456185941
440,pmem to dram,native THP,4,128,True,True,5016.067895833466
441,pmem to dram,native THP,4,128,False,True,5015.1350113917615
442,pmem to dram,native THP,4,128,True,False,3310.0315216887775
443,pmem to dram,native THP,4,128,False,False,3304.6312767937343
444,pmem to pmem,native THP,4,128,True,True,323.1350419591458
445,pmem to pmem,native THP,4,128,False,True,305.5284819063222
446,pmem to pmem,native THP,4,128,True,False,497.80569679544453
447,pmem to pmem,native THP,4,128,False,False,128.34136931737845
448,dram to dram,native THP,4,256,True,True,6437.02480110222
449,dram to dram,native THP,4,256,False,True,6599.5721847954865
450,dram to dram,native THP,4,256,True,False,9087.818716192249
451,dram to dram,native THP,4,256,False,False,9710.991559532364
452,dram to pmem,native THP,4,256,True,True,1868.8726432478418
453,dram to pmem,native THP,4,256,False,True,279.63951877616455
454,dram to pmem,native THP,4,256,True,False,549.8195464328084
455,dram to pmem,native THP,4,256,False,False,124.64224376792497
456,pmem to dram,native THP,4,256,True,True,5142.8000485930315
457,pmem to dram,native THP,4,256,False,True,5088.833773417732
458,pmem to dram,native THP,4,256,True,False,4239.106012945849
459,pmem to dram,native THP,4,256,False,False,4212.8000568280395
460,pmem to pmem,native THP,4,256,True,True,328.976415351036
461,pmem to pmem,native THP,4,256,False,True,290.3870572784362
462,pmem to pmem,native THP,4,256,True,False,507.44883812506026
463,pmem to pmem,native THP,4,256,False,False,125.47121711146406
464,dram to dram,native THP,4,512,True,True,6509.692931503584
465,dram to dram,native THP,4,512,False,True,6962.676177261663
466,dram to dram,native THP,4,512,True,False,9318.493591035862
467,dram to dram,native THP,4,512,False,False,10266.831234078829
468,dram to pmem,native THP,4,512,True,True,1894.5954435861752
469,dram to pmem,native THP,4,512,False,True,272.0233080374752
470,dram to pmem,native THP,4,512,True,False,532.3722813598937
471,dram to pmem,native THP,4,512,False,False,123.77176930429049
472,pmem to dram,native THP,4,512,True,True,5236.083922975443
473,pmem to dram,native THP,4,512,False,True,5194.39629420568
474,pmem to dram,native THP,4,512,True,False,4951.712208173138
475,pmem to dram,native THP,4,512,False,False,4930.153969478803
476,pmem to pmem,native THP,4,512,True,True,308.97544282177614
477,pmem to pmem,native THP,4,512,False,True,281.279947524413
478,pmem to pmem,native THP,4,512,True,False,502.9330798382442
479,pmem to pmem,native THP,4,512,False,False,124.16371036429062
480,dram to dram,split THP,1,1,True,True,875.023231866806
481,dram to dram,split THP,1,1,False,True,710.7120510325366
482,dram to dram,split THP,1,1,True,False,712.5490794899089
483,dram to dram,split THP,1,1,False,False,735.1155818553774
484,dram to pmem,split THP,1,1,True,True,792.6788812669291
485,dram to pmem,split THP,1,1,False,True,705.4609520661153
486,dram to pmem,split THP,1,1,True,False,730.7641322840924
487,dram to pmem,split THP,1,1,False,False,525.342523325208
488,pmem to dram,split THP,1,1,True,True,861.5242742217981
489,pmem to dram,split THP,1,1,False,True,849.8477880119281
490,pmem to dram,split THP,1,1,True,False,920.0623176608999
491,pmem to dram,split THP,1,1,False,False,721.893908882984
492,pmem to pmem,split THP,1,1,True,True,706.7220218468979
493,pmem to pmem,split THP,1,1,False,True,678.3171710700982
494,pmem to pmem,split THP,1,1,True,False,721.1488882552394
495,pmem to pmem,split THP,1,1,False,False,513.8679601887992
496,dram to dram,split THP,1,2,True,True,861.3141647291762
497,dram to dram,split THP,1,2,False,True,718.4679160248952
498,dram to dram,split THP,1,2,True,False,706.2877621166314
499,dram to dram,split THP,1,2,False,False,818.5559093945375
500,dram to pmem,split THP,1,2,True,True,741.0945722270585
501,dram to pmem,split THP,1,2,False,True,737.5216771449443
502,dram to pmem,split THP,1,2,True,False,711.5786150986593
503,dram to pmem,split THP,1,2,False,False,685.9087153584804
504,pmem to dram,split THP,1,2,True,True,848.7873099846373
505,pmem to dram,split THP,1,2,False,True,872.5139732022166
506,pmem to dram,split THP,1,2,True,False,890.5525994651518
507,pmem to dram,split THP,1,2,False,False,811.9924463590685
508,pmem to pmem,split THP,1,2,True,True,675.6556570942137
509,pmem to pmem,split THP,1,2,False,True,714.3929242524182
510,pmem to pmem,split THP,1,2,True,False,695.7620680191609
511,pmem to pmem,split THP,1,2,False,False,663.9621937271042
512,dram to dram,split THP,1,4,True,True,986.4625767665178
513,dram to dram,split THP,1,4,False,True,919.470392409735
514,dram to dram,split THP,1,4,True,False,724.5799510394082
515,dram to dram,split THP,1,4,False,False,950.8719412499968
516,dram to pmem,split THP,1,4,True,True,659.1828321368505
517,dram to pmem,split THP,1,4,False,True,718.812784365707
518,dram to pmem,split THP,1,4,True,False,730.0506363121347
519,dram to pmem,split THP,1,4,False,False,671.2818862671937
520,pmem to dram,split THP,1,4,True,True,979.5396692505944
521,pmem to dram,split THP,1,4,False,True,928.7132049342439
522,pmem to dram,split THP,1,4,True,False,849.5831870545782
523,pmem to dram,split THP,1,4,False,False,854.1562206030126
524,pmem to pmem,split THP,1,4,True,True,626.8198735622829
525,pmem to pmem,split THP,1,4,False,True,694.8507994649302
526,pmem to pmem,split THP,1,4,True,False,710.5775652613978
527,pmem to pmem,split THP,1,4,False,False,618.6211173463481
528,dram to dram,split THP,1,8,True,True,1069.8570660261219
529,dram to dram,split THP,1,8,False,True,1021.3939126148482
530,dram to dram,split THP,1,8,True,False,856.0088838313982
531,dram to dram,split THP,1,8,False,False,1089.2723206127114
532,dram to pmem,split THP,1,8,True,True,559.5272274691499
533,dram to pmem,split THP,1,8,False,True,633.7135966095942
534,dram to pmem,split THP,1,8,True,False,835.8986889953038
535,dram to pmem,split THP,1,8,False,False,605.5224617346136
536,pmem to dram,split THP,1,8,True,True,759.4522591079852
537,pmem to dram,split THP,1,8,False,True,774.5653872463375
538,pmem to dram,split THP,1,8,True,False,751.5880774230419
539,pmem to dram,split THP,1,8,False,False,708.0383756091542
540,pmem to pmem,split THP,1,8,True,True,524.8987183318351
541,pmem to pmem,split THP,1,8,False,True,590.8985390055781
542,pmem to pmem,split THP,1,8,True,False,799.4139017038269
543,pmem to pmem,split THP,1,8,False,False,546.219615407315
544,dram to dram,split THP,1,16,True,True,1223.7323274600326
545,dram to dram,split THP,1,16,False,True,1121.1736681404566
546,dram to dram,split THP,1,16,True,False,1010.5773020737773
547,dram to dram,split THP,1,16,False,False,1223.2195198924544
548,dram to pmem,split THP,1,16,True,True,538.2535738422542
549,dram to pmem,split THP,1,16,False,True,595.0725685418531
550,dram to pmem,split THP,1,16,True,False,794.4732665828482
551,dram to pmem,split THP,1,16,False,False,534.1779452302478
552,pmem to dram,split THP,1,16,True,True,731.4944276628954
553,pmem to dram,split THP,1,16,False,True,731.3544664148659
554,pmem to dram,split THP,1,16,True,False,716.1308862574012
555,pmem to dram,split THP,1,16,False,False,713.258497865389
556,pmem to pmem,split THP,1,16,True,True,505.52312768625114
557,pmem to pmem,split THP,1,16,False,True,517.4291999766161
558,pmem to pmem,split THP,1,16,True,False,737.26253747085
559,pmem to pmem,split THP,1,16,False,False,489.58667501738336
560,dram to dram,split THP,1,32,True,True,1248.3532611280345
561,dram to dram,split THP,1,32,False,True,1182.8825422180391
562,dram to dram,split THP,1,32,True,False,1103.3420088081102
563,dram to dram,split THP,1,32,False,False,1245.3343015288638
564,dram to pmem,split THP,1,32,True,True,474.9331725985334
565,dram to pmem,split THP,1,32,False,True,467.4778849360452
566,dram to pmem,split THP,1,32,True,False,656.2060585454742
567,dram to pmem,split THP,1,32,False,False,466.20167313574177
568,pmem to dram,split THP,1,32,True,True,958.2377930327104
569,pmem to dram,split THP,1,32,False,True,955.7423922420239
570,pmem to dram,split THP,1,32,True,False,884.7273844029922
571,pmem to dram,split THP,1,32,False,False,952.2124589531338
572,pmem to pmem,split THP,1,32,True,True,454.9503771832923
573,pmem to pmem,split THP,1,32,False,True,449.329403316768
574,pmem to pmem,split THP,1,32,True,False,633.0401101434401
575,pmem to pmem,split THP,1,32,False,False,455.468064631761
576,dram to dram,split THP,1,64,True,True,1539.9281905017253
577,dram to dram,split THP,1,64,False,True,1228.663462266282
578,dram to dram,split THP,1,64,True,False,1270.2809660038179
579,dram to dram,split THP,1,64,False,False,1273.8267071299579
580,dram to pmem,split THP,1,64,True,True,439.36599958578216
581,dram to pmem,split THP,1,64,False,True,436.1144221470756
582,dram to pmem,split THP,1,64,True,False,604.6149339650622
583,dram to pmem,split THP,1,64,False,False,438.6201307850641
584,pmem to dram,split THP,1,64,True,True,1104.5337354425214
585,pmem to dram,split THP,1,64,False,True,1098.5932909432986
586,pmem to dram,split THP,1,64,True,False,986.6775011256371
587,pmem to dram,split THP,1,64,False,False,1097.2850245257348
588,pmem to pmem,split THP,1,64,True,True,428.23294894713376
589,pmem to pmem,split THP,1,64,False,True,427.48372857161917
590,pmem to pmem,split THP,1,64,True,False,591.4737646530012
591,pmem to pmem,split THP,1,64,False,False,429.2055683979636
592,dram to dram,split THP,1,128,True,True,1620.3909306041076
593,dram to dram,split THP,1,128,False,True,1444.5657426987555
594,dram to dram,split THP,1,128,True,False,1394.235078456135
595,dram to dram,split THP,1,128,False,False,1611.624088540331
596,dram to pmem,split THP,1,128,True,True,418.8508807500116
597,dram to pmem,split THP,1,128,False,True,417.37219400922595
598,dram to pmem,split THP,1,128,True,False,587.788753216841
599,dram to pmem,split THP,1,128,False,False,421.9541121105492
600,pmem to dram,split THP,1,128,True,True,1202.7592123227641
601,pmem to dram,split THP,1,128,False,True,1197.53832300861
602,pmem to dram,split THP,1,128,True,False,1137.2173944476106
603,pmem to dram,split THP,1,128,False,False,1198.58715191058
604,pmem to pmem,split THP,1,128,True,True,414.3530402776071
605,pmem to pmem,split THP,1,128,False,True,412.97188877736426
606,pmem to pmem,split THP,1,128,True,False,586.2561869882575
607,pmem to pmem,split THP,1,128,False,False,412.8381374793494
608,dram to dram,split THP,1,256,True,True,1621.7768074444998
609,dram to dram,split THP,1,256,False,True,1605.5666692302007
610,dram to dram,split THP,1,256,True,False,1494.9033247800903
611,dram to dram,split THP,1,256,False,False,1624.149681588976
612,dram to pmem,split THP,1,256,True,True,410.65624419493383
613,dram to pmem,split THP,1,256,False,True,411.3104684751365
614,dram to pmem,split THP,1,256,True,False,584.367259004193
615,dram to pmem,split THP,1,256,False,False,412.6318035276568
616,pmem to dram,split THP,1,256,True,True,1263.205630612778
617,pmem to dram,split THP,1,256,False,True,1261.624731012983
618,pmem to dram,split THP,1,256,True,False,1251.3849048634845
619,pmem to dram,split THP,1,256,False,False,1259.3591996877758
620,pmem to pmem,split THP,1,256,True,True,406.8148682150106
621,pmem to pmem,split THP,1,256,False,True,408.16784925493715
622,pmem to pmem,split THP,1,256,True,False,585.2961840068592
623,pmem to pmem,split THP,1,256,False,False,405.94229810174096
624,dram to dram,split THP,1,512,True,True,1649.3891377315442
625,dram to dram,split THP,1,512,False,True,1644.3084269088063
626,dram to dram,split THP,1,512,True,False,1548.3040631938804
627,dram to dram,split THP,1,512,False,False,1642.478896350857
628,dram to pmem,split THP,1,512,True,True,406.14039004126744
629,dram to pmem,split THP,1,512,False,True,405.36767707777517
630,dram to pmem,split THP,1,512,True,False,588.6162815512091
631,dram to pmem,split THP,1,512,False,False,404.87468046153487
632,pmem to dram,split THP,1,512,True,True,1296.9131881961735
633,pmem to dram,split THP,1,512,False,True,1297.5952327247303
634,pmem to dram,split THP,1,512,True,False,1300.5060995942106
635,pmem to dram,split THP,1,512,False,False,1296.2922609958757
636,pmem to pmem,split THP,1,512,True,True,402.02473930592714
637,pmem to pmem,split THP,1,512,False,True,401.63576431832865
638,pmem to pmem,split THP,1,512,True,False,588.4191383898011
639,pmem to pmem,split THP,1,512,False,False,403.20472143203085
640,dram to dram,split THP,2,1,True,True,296.96394162853005
641,dram to dram,split THP,2,1,False,True,285.0336091679578
642,dram to dram,split THP,2,1,True,False,261.92991902619906
643,dram to dram,split THP,2,1,False,False,317.72753135748326
644,dram to pmem,split THP,2,1,True,True,235.74708486942205
645,dram to pmem,split THP,2,1,False,True,226.95859594334206
646,dram to pmem,split THP,2,1,True,False,268.65490640560074
647,dram to pmem,split THP,2,1,False,False,327.5140205477056
648,pmem to dram,split THP,2,1,True,True,310.47903375447333
649,pmem to dram,split THP,2,1,False,True,308.7027058965242
650,pmem to dram,split THP,2,1,True,False,334.8570220789986
651,pmem to dram,split THP,2,1,False,False,327.8124042378014
652,pmem to pmem,split THP,2,1,True,True,238.45298001723492
653,pmem to pmem,split THP,2,1,False,True,232.26911573080446
654,pmem to pmem,split THP,2,1,True,False,288.4752992880747
655,pmem to pmem,split THP,2,1,False,False,331.6275517496504
656,dram to dram,split THP,2,2,True,True,334.65368714572094
657,dram to dram,split THP,2,2,False,True,336.7432119345431
658,dram to dram,split THP,2,2,True,False,286.2636542932399
659,dram to dram,split THP,2,2,False,False,342.15465048047065
660,dram to pmem,split THP,2,2,True,True,253.77496928402937
661,dram to pmem,split THP,2,2,False,True,250.14359180207907
662,dram to pmem,split THP,2,2,True,False,309.1654573144528
663,dram to pmem,split THP,2,2,False,False,287.6955090572804
664,pmem to dram,split THP,2,2,True,True,362.95617716116044
665,pmem to dram,split THP,2,2,False,True,338.0521240541766
666,pmem to dram,split THP,2,2,True,False,313.7313415931789
667,pmem to dram,split THP,2,2,False,False,356.6677184203237
668,pmem to pmem,split THP,2,2,True,True,250.48332636446972
669,pmem to pmem,split THP,2,2,False,True,248.19863942718038
670,pmem to pmem,split THP,2,2,True,False,294.7679094017861
671,pmem to pmem,split THP,2,2,False,False,298.0268610119696
672,dram to dram,split THP,2,4,True,True,389.5287770080874
673,dram to dram,split THP,2,4,False,True,383.8836580688372
674,dram to dram,split THP,2,4,True,False,370.2687487409127
675,dram to dram,split THP,2,4,False,False,430.85334328460937
676,dram to pmem,split THP,2,4,True,True,292.241856174734
677,dram to pmem,split THP,2,4,False,True,282.21017271015637
678,dram to pmem,split THP,2,4,True,False,349.55122560043964
679,dram to pmem,split THP,2,4,False,False,318.10822818106794
680,pmem to dram,split THP,2,4,True,True,420.66475210920254
681,pmem to dram,split THP,2,4,False,True,426.64286568333307
682,pmem to dram,split THP,2,4,True,False,405.1163234300048
683,pmem to dram,split THP,2,4,False,False,472.34940393933505
684,pmem to pmem,split THP,2,4,True,True,289.8784223807477
685,pmem to pmem,split THP,2,4,False,True,267.24986645190114
686,pmem to pmem,split THP,2,4,True,False,350.20284668162276
687,pmem to pmem,split THP,2,4,False,False,319.0794430436414
688,dram to dram,split THP,2,8,True,True,432.52494601142524
689,dram to dram,split THP,2,8,False,True,436.2748964632416
690,dram to dram,split THP,2,8,True,False,424.52621229668614
691,dram to dram,split THP,2,8,False,False,454.51804917308056
692,dram to pmem,split THP,2,8,True,True,315.6956165466333
693,dram to pmem,split THP,2,8,False,True,296.8929235185719
694,dram to pmem,split THP,2,8,True,False,411.75253314533256
695,dram to pmem,split THP,2,8,False,False,331.1289924538227
696,pmem to dram,split THP,2,8,True,True,480.3763816202689
697,pmem to dram,split THP,2,8,False,True,516.1423687108818
698,pmem to dram,split THP,2,8,True,False,422.829543806351
699,pmem to dram,split THP,2,8,False,False,482.2400280779434
700,pmem to pmem,split THP,2,8,True,True,313.3043783953995
701,pmem to pmem,split THP,2,8,False,True,292.3422952910351
702,pmem to pmem,split THP,2,8,True,False,409.2882713836226
703,pmem to pmem,split THP,2,8,False,False,330.1852086015839
704,dram to dram,split THP,2,16,True,True,427.11758324164657
705,dram to dram,split THP,2,16,False,True,426.61532834687375
706,dram to dram,split THP,2,16,True,False,458.69302463567993
707,dram to dram,split THP,2,16,False,False,466.88654591278396
708,dram to pmem,split THP,2,16,True,True,338.3289999626379
709,dram to pmem,split THP,2,16,False,True,323.9556323891028
710,dram to pmem,split THP,2,16,True,False,443.26776553484524
711,dram to pmem,split THP,2,16,False,False,323.1648085545215
712,pmem to dram,split THP,2,16,True,True,508.9577000547626
713,pmem to dram,split THP,2,16,False,True,503.339964239646
714,pmem to dram,split THP,2,16,True,False,478.48541757075486
715,pmem to dram,split THP,2,16,False,False,488.8731314214784
716,pmem to pmem,split THP,2,16,True,True,344.50195538556284
717,pmem to pmem,split THP,2,16,False,True,319.73910184558883
718,pmem to pmem,split THP,2,16,True,False,443.6571083570985
719,pmem to pmem,split THP,2,16,False,False,328.5497415016836
720,dram to dram,split THP,2,32,True,True,543.6297099392161
721,dram to dram,split THP,2,32,False,True,468.92982153528936
722,dram to dram,split THP,2,32,True,False,501.83201461236973
723,dram to dram,split THP,2,32,False,False,455.0157191081151
724,dram to pmem,split THP,2,32,True,True,385.1389810601359
725,dram to pmem,split THP,2,32,False,True,367.49513268774666
726,dram to pmem,split THP,2,32,True,False,458.62845626614705
727,dram to pmem,split THP,2,32,False,False,338.6303737701112
728,pmem to dram,split THP,2,32,True,True,601.2573862731895
729,pmem to dram,split THP,2,32,False,True,632.0289557271755
730,pmem to dram,split THP,2,32,True,False,558.4750537081969
731,pmem to dram,split THP,2,32,False,False,601.3312191605053
732,pmem to pmem,split THP,2,32,True,True,374.1505156616653
733,pmem to pmem,split THP,2,32,False,True,357.74744913407864
734,pmem to pmem,split THP,2,32,True,False,496.3926625551052
735,pmem to pmem,split THP,2,32,False,False,370.9335896648267
736,dram to dram,split THP,2,64,True,True,564.0832292007047
737,dram to dram,split THP,2,64,False,True,566.0816882871219
738,dram to dram,split THP,2,64,True,False,586.4320430741959
739,dram to dram,split THP,2,64,False,False,636.05859549083
740,dram to pmem,split THP,2,64,True,True,422.5153831711335
741,dram to pmem,split THP,2,64,False,True,408.96880369926134
742,dram to pmem,split THP,2,64,True,False,503.44645480184573
743,dram to pmem,split THP,2,64,False,False,369.1580246542371
744,pmem to dram,split THP,2,64,True,True,577.134000671214
745,pmem to dram,split THP,2,64,False,True,596.1960867540799
746,pmem to dram,split THP,2,64,True,False,604.5726474330695
747,pmem to dram,split THP,2,64,False,False,607.9756631901843
748,pmem to pmem,split THP,2,64,True,True,371.8712191537204
749,pmem to pmem,split THP,2,64,False,True,364.8007874370917
750,pmem to pmem,split THP,2,64,True,False,513.737911239231
751,pmem to pmem,split THP,2,64,False,False,361.7404881097459
752,dram to dram,split THP,2,128,True,True,612.2452507420817
753,dram to dram,split THP,2,128,False,True,586.9017250136636
754,dram to dram,split THP,2,128,True,False,648.734224473284
755,dram to dram,split THP,2,128,False,False,640.2886360343823
756,dram to pmem,split THP,2,128,True,True,430.5178850724406
757,dram to pmem,split THP,2,128,False,True,421.38406678105224
758,dram to pmem,split THP,2,128,True,False,523.1243786444596
759,dram to pmem,split THP,2,128,False,False,369.25206516903273
760,pmem to dram,split THP,2,128,True,True,568.3096500128511
761,pmem to dram,split THP,2,128,False,True,567.9217917811137
762,pmem to dram,split THP,2,128,True,False,640.831169241051
763,pmem to dram,split THP,2,128,False,False,616.1684322866388
764,pmem to pmem,split THP,2,128,True,True,374.0100229356504
765,pmem to pmem,split THP,2,128,False,True,371.76934562529226
766,pmem to pmem,split THP,2,128,True,False,521.6846343080765
767,pmem to pmem,split THP,2,128,False,False,350.7463432516622
768,dram to dram,split THP,2,256,True,True,597.4479377484155
769,dram to dram,split THP,2,256,False,True,573.4320142481458
770,dram to dram,split THP,2,256,True,False,678.3255833557887
771,dram to dram,split THP,2,256,False,False,651.5924322557274
772,dram to pmem,split THP,2,256,True,True,429.1478199779907
773,dram to pmem,split THP,2,256,False,True,427.46584255704994
774,dram to pmem,split THP,2,256,True,False,528.5061258501963
775,dram to pmem,split THP,2,256,False,False,365.7788416040075
776,pmem to dram,split THP,2,256,True,True,563.9706333406339
777,pmem to dram,split THP,2,256,False,True,571.0243534856024
778,pmem to dram,split THP,2,256,True,False,651.6810191184504
779,pmem to dram,split THP,2,256,False,False,621.9911646636131
780,pmem to pmem,split THP,2,256,True,True,377.156491353387
781,pmem to pmem,split THP,2,256,False,True,375.242972463097
782,pmem to pmem,split THP,2,256,True,False,523.1253064146456
783,pmem to pmem,split THP,2,256,False,False,354.0315655130176
784,dram to dram,split THP,2,512,True,True,575.8990618762767
785,dram to dram,split THP,2,512,False,True,585.2429495389516
786,dram to dram,split THP,2,512,True,False,691.392125820801
787,dram to dram,split THP,2,512,False,False,634.5900868283984
788,dram to pmem,split THP,2,512,True,True,428.50039816227707
789,dram to pmem,split THP,2,512,False,True,436.8419871757158
790,dram to pmem,split THP,2,512,True,False,526.4277007081946
791,dram to pmem,split THP,2,512,False,False,361.06978003793455
792,pmem to dram,split THP,2,512,True,True,563.8104228857875
793,pmem to dram,split THP,2,512,False,True,568.9737687118019
794,pmem to dram,split THP,2,512,True,False,646.7951993178639
795,pmem to dram,split THP,2,512,False,False,618.8646328398648
796,pmem to pmem,split THP,2,512,True,True,377.5114652622783
797,pmem to pmem,split THP,2,512,False,True,377.33534988055766
798,pmem to pmem,split THP,2,512,True,False,525.1929756965843
799,pmem to pmem,split THP,2,512,False,False,348.7145391587479
800,dram to dram,split THP,4,1,True,True,276.03708790147107
801,dram to dram,split THP,4,1,False,True,271.3558403103442
802,dram to dram,split THP,4,1,True,False,213.609469427401
803,dram to dram,split THP,4,1,False,False,282.2371641712903
804,dram to pmem,split THP,4,1,True,True,202.78861519568505
805,dram to pmem,split THP,4,1,False,True,209.40877390513714
806,dram to pmem,split THP,4,1,True,False,212.0101727569133
807,dram to pmem,split THP,4,1,False,False,254.9247055664263
808,pmem to dram,split THP,4,1,True,True,288.8245297979979
809,pmem to dram,split THP,4,1,False,True,288.65868679348984
810,pmem to dram,split THP,4,1,True,False,279.0413856882687
811,pmem to dram,split THP,4,1,False,False,298.9927323537554
812,pmem to pmem,split THP,4,1,True,True,208.4874837666433
813,pmem to pmem,split THP,4,1,False,True,211.45758836384417
814,pmem to pmem,split THP,4,1,True,False,218.1427396948061
815,pmem to pmem,split THP,4,1,False,False,258.35765038598373
816,dram to dram,split THP,4,2,True,True,294.6569342463475
817,dram to dram,split THP,4,2,False,True,296.7164511869763
818,dram to dram,split THP,4,2,True,False,246.40458139052558
819,dram to dram,split THP,4,2,False,False,299.6820149060336
820,dram to pmem,split THP,4,2,True,True,227.43827649275534
821,dram to pmem,split THP,4,2,False,True,227.28902492894662
822,dram to pmem,split THP,4,2,True,False,239.48571496448525
823,dram to pmem,split THP,4,2,False,False,271.1191700380674
824,pmem to dram,split THP,4,2,True,True,296.4358143612807
825,pmem to dram,split THP,4,2,False,True,297.4061499576828
826,pmem to dram,split THP,4,2,True,False,237.68386109351093
827,pmem to dram,split THP,4,2,False,False,311.95655218880256
828,pmem to pmem,split THP,4,2,True,True,227.25216095216112
829,pmem to pmem,split THP,4,2,False,True,229.64164788274536
830,pmem to pmem,split THP,4,2,True,False,247.3767825831804
831,pmem to pmem,split THP,4,2,False,False,274.46234884329215
832,dram to dram,split THP,4,4,True,True,324.54707326086276
833,dram to dram,split THP,4,4,False,True,323.3114568138621
834,dram to dram,split THP,4,4,True,False,287.39389776536876
835,dram to dram,split THP,4,4,False,False,321.3939498392428
836,dram to pmem,split THP,4,4,True,True,254.4704267161783
837,dram to pmem,split THP,4,4,False,True,256.66247665173535
838,dram to pmem,split THP,4,4,True,False,284.19756391532167
839,dram to pmem,split THP,4,4,False,False,299.89929981310877
840,pmem to dram,split THP,4,4,True,True,342.9340257262762
841,pmem to dram,split THP,4,4,False,True,329.77670530729023
842,pmem to dram,split THP,4,4,True,False,327.40050603513316
843,pmem to dram,split THP,4,4,False,False,351.72644264887117
844,pmem to pmem,split THP,4,4,True,True,252.81235255312066
845,pmem to pmem,split THP,4,4,False,True,255.71142004772673
846,pmem to pmem,split THP,4,4,True,False,295.6911676072455
847,pmem to pmem,split THP,4,4,False,False,298.71680743783344
848,dram to dram,split THP,4,8,True,True,333.85237501181575
849,dram to dram,split THP,4,8,False,True,332.66388330676585
850,dram to dram,split THP,4,8,True,False,314.17165583692093
851,dram to dram,split THP,4,8,False,False,335.5355214658829
852,dram to pmem,split THP,4,8,True,True,273.6208462748013
853,dram to pmem,split THP,4,8,False,True,274.63985720265407
854,dram to pmem,split THP,4,8,True,False,319.63976853797584
855,dram to pmem,split THP,4,8,False,False,300.54473884187456
856,pmem to dram,split THP,4,8,True,True,351.31831935850533
857,pmem to dram,split THP,4,8,False,True,355.65857008449956
858,pmem to dram,split THP,4,8,True,False,350.1227598232225
859,pmem to dram,split THP,4,8,False,False,347.3234736477041
860,pmem to pmem,split THP,4,8,True,True,269.55048033407036
861,pmem to pmem,split THP,4,8,False,True,271.97720194621036
862,pmem to pmem,split THP,4,8,True,False,331.17835577232285
863,pmem to pmem,split THP,4,8,False,False,300.9569184798409
864,dram to dram,split THP,4,16,True,True,349.0726664264261
865,dram to dram,split THP,4,16,False,True,336.2233855733484
866,dram to dram,split THP,4,16,True,False,345.6734819967245
867,dram to dram,split THP,4,16,False,False,339.7919962445509
868,dram to pmem,split THP,4,16,True,True,303.1220726637072
869,dram to pmem,split THP,4,16,False,True,288.80841037961034
870,dram to pmem,split THP,4,16,True,False,342.3836128697592
871,dram to pmem,split THP,4,16,False,False,305.3166849513514
872,pmem to dram,split THP,4,16,True,True,370.0308927228869
873,pmem to dram,split THP,4,16,False,True,366.75449955565745
874,pmem to dram,split THP,4,16,True,False,386.32437592943
875,pmem to dram,split THP,4,16,False,False,376.98102231353505
876,pmem to pmem,split THP,4,16,True,True,320.9794971818461
877,pmem to pmem,split THP,4,16,False,True,301.8606946023621
878,pmem to pmem,split THP,4,16,True,False,367.84708074510576
879,pmem to pmem,split THP,4,16,False,False,308.51373262496935
880,dram to dram,split THP,4,32,True,True,396.32282714173937
881,dram to dram,split THP,4,32,False,True,366.39964231700515
882,dram to dram,split THP,4,32,True,False,389.15350428614096
883,dram to dram,split THP,4,32,False,False,370.7124895138036
884,dram to pmem,split THP,4,32,True,True,333.6062458303455
885,dram to pmem,split THP,4,32,False,True,333.8239119132167
886,dram to pmem,split THP,4,32,True,False,374.68163111536114
887,dram to pmem,split THP,4,32,False,False,355.5541582277137
888,pmem to dram,split THP,4,32,True,True,453.4789789153277
889,pmem to dram,split THP,4,32,False,True,481.0091940863966
890,pmem to dram,split THP,4,32,True,False,455.1095874446665
891,pmem to dram,split THP,4,32,False,False,413.9333215767646
892,pmem to pmem,split THP,4,32,True,True,345.7412469439418
893,pmem to pmem,split THP,4,32,False,True,342.6056193088047
894,pmem to pmem,split THP,4,32,True,False,406.5359072547885
895,pmem to pmem,split THP,4,32,False,False,347.882971494366
896,dram to dram,split THP,4,64,True,True,438.20163647825296
897,dram to dram,split THP,4,64,False,True,421.1909323925914
898,dram to dram,split THP,4,64,True,False,459.09281419240335
899,dram to dram,split THP,4,64,False,False,430.80285049941375
900,dram to pmem,split THP,4,64,True,True,346.529158265568
901,dram to pmem,split THP,4,64,False,True,341.6984298137074
902,dram to pmem,split THP,4,64,True,False,413.9586673770913
903,dram to pmem,split THP,4,64,False,False,353.14372127293086
904,pmem to dram,split THP,4,64,True,True,461.01068077468835
905,pmem to dram,split THP,4,64,False,True,456.57568089514746
906,pmem to dram,split THP,4,64,True,False,504.70267879629233
907,pmem to dram,split THP,4,64,False,False,457.6908736373288
908,pmem to pmem,split THP,4,64,True,True,344.75090439258895
909,pmem to pmem,split THP,4,64,False,True,343.65922409397916
910,pmem to pmem,split THP,4,64,True,False,437.4240649337324
911,pmem to pmem,split THP,4,64,False,False,352.9709010325914
912,dram to dram,split THP,4,128,True,True,445.101183048935
913,dram to dram,split THP,4,128,False,True,454.60457009037594
914,dram to dram,split THP,4,128,True,False,492.6585189866798
915,dram to dram,split THP,4,128,False,False,477.14150281184806
916,dram to pmem,split THP,4,128,True,True,350.25787225508117
917,dram to pmem,split THP,4,128,False,True,348.9298927273545
918,dram to pmem,split THP,4,128,True,False,436.3250430665004
919,dram to pmem,split THP,4,128,False,False,363.9406817359142
920,pmem to dram,split THP,4,128,True,True,465.14177837192443
921,pmem to dram,split THP,4,128,False,True,444.7747588901051
922,pmem to dram,split THP,4,128,True,False,526.4620456954439
923,pmem to dram,split THP,4,128,False,False,461.5292946902071
924,pmem to pmem,split THP,4,128,True,True,343.58270443082733
925,pmem to pmem,split THP,4,128,False,True,346.76322215622844
926,pmem to pmem,split THP,4,128,True,False,451.00748119441334
927,pmem to pmem,split THP,4,128,False,False,355.846531066316
928,dram to dram,split THP,4,256,True,True,470.7561336710254
929,dram to dram,split THP,4,256,False,True,466.46544239111176
930,dram to dram,split THP,4,256,True,False,518.6601574038922
931,dram to dram,split THP,4,256,False,False,476.99489525242967
932,dram to pmem,split THP,4,256,True,True,349.6171955628599
933,dram to pmem,split THP,4,256,False,True,348.87466379279124
934,dram to pmem,split THP,4,256,True,False,450.0875834131429
935,dram to pmem,split THP,4,256,False,False,365.9265432876277
936,pmem to dram,split THP,4,256,True,True,438.24266726202063
937,pmem to dram,split THP,4,256,False,True,456.6324963700075
938,pmem to dram,split THP,4,256,True,False,542.7925132129113
939,pmem to dram,split THP,4,256,False,False,454.4633282934185
940,pmem to pmem,split THP,4,256,True,True,344.4588739761801
941,pmem to pmem,split THP,4,256,False,True,347.75505519878703
942,pmem to pmem,split THP,4,256,True,False,457.3408493883784
943,pmem to pmem,split THP,4,256,False,False,356.0490346713872
944,dram to dram,split THP,4,512,True,True,482.50965918510934
945,dram to dram,split THP,4,512,False,True,489.94629002359756
946,dram to dram,split THP,4,512,True,False,527.2524560091596
947,dram to dram,split THP,4,512,False,False,492.09707726642466
948,dram to pmem,split THP,4,512,True,True,350.6519209668887
949,dram to pmem,split THP,4,512,False,True,348.7732556046357
950,dram to pmem,split THP,4,512,True,False,456.21162229714975
951,dram to pmem,split THP,4,512,False,False,366.8540593505095
952,pmem to dram,split THP,4,512,True,True,476.9170734127126
953,pmem to dram,split THP,4,512,False,True,452.2145317238172
954,pmem to dram,split THP,4,512,True,False,551.1116068953226
955,pmem to dram,split THP,4,512,False,False,491.48248107667627
956,pmem to pmem,split THP,4,512,True,True,345.6108161514276
957,pmem to pmem,split THP,4,512,False,True,347.86681254194207
958,pmem to pmem,split THP,4,512,True,False,462.5751545627751
959,pmem to pmem,split THP,4,512,False,False,354.8576432285984
960,dram to dram,exchange THP,1,1,True,True,1742.0249228021655
961,dram to dram,exchange THP,1,1,False,True,1703.8573285289103
962,dram to dram,exchange THP,1,1,True,False,5363.421412333671
963,dram to dram,exchange THP,1,1,False,False,5104.603535652593
964,dram to pmem,exchange THP,1,1,True,True,1497.9505041202626
965,dram to pmem,exchange THP,1,1,False,True,1713.7100056501017
966,dram to pmem,exchange THP,1,1,True,False,1532.2286679677331
967,dram to pmem,exchange THP,1,1,False,False,4172.818096009868
968,pmem to dram,exchange THP,1,1,True,True,1592.9251186609745
969,pmem to dram,exchange THP,1,1,False,True,1679.6094572090099
970,pmem to dram,exchange THP,1,1,True,False,5208.580198332317
971,pmem to dram,exchange THP,1,1,False,False,3559.2204453011877
972,pmem to pmem,exchange THP,1,1,True,True,1488.3130589127143
973,pmem to pmem,exchange THP,1,1,False,True,1566.6577628283812
974,pmem to pmem,exchange THP,1,1,True,False,1370.0529443259804
975,pmem to pmem,exchange THP,1,1,False,False,3896.9786919050593
976,dram to dram,exchange THP,1,2,True,True,1750.370170471614
977,dram to dram,exchange THP,1,2,False,True,1696.398668615433
978,dram to dram,exchange THP,1,2,True,False,5977.021936865913
979,dram to dram,exchange THP,1,2,False,False,5877.430593054787
980,dram to pmem,exchange THP,1,2,True,True,1562.083546085858
981,dram to pmem,exchange THP,1,2,False,True,1667.268550613438
982,dram to pmem,exchange THP,1,2,True,False,1532.1286614236203
983,dram to pmem,exchange THP,1,2,False,False,6040.7092457132485
984,pmem to dram,exchange THP,1,2,True,True,1761.9093953069694
985,pmem to dram,exchange THP,1,2,False,True,1706.8254241887885
986,pmem to dram,exchange THP,1,2,True,False,6003.873098535866
987,pmem to dram,exchange THP,1,2,False,False,5122.792700686365
988,pmem to pmem,exchange THP,1,2,True,True,1541.8577767258882
989,pmem to pmem,exchange THP,1,2,False,True,1794.0992166469443
990,pmem to pmem,exchange THP,1,2,True,False,1396.6215166862753
991,pmem to pmem,exchange THP,1,2,False,False,5552.757582706936
992,dram to dram,exchange THP,1,4,True,True,1878.1399418504398
993,dram to dram,exchange THP,1,4,False,True,1783.4598014402864
994,dram to dram,exchange THP,1,4,True,False,6293.52810544114
995,dram to dram,exchange THP,1,4,False,False,9538.948061500936
996,dram to pmem,exchange THP,1,4,True,True,1585.4364974219811
997,dram to pmem,exchange THP,1,4,False,True,1813.0264363050387
998,dram to pmem,exchange THP,1,4,True,False,1472.6142167869996
999,dram to pmem,exchange THP,1,4,False,False,5826.131627752719
1000,pmem to dram,exchange THP,1,4,True,True,1914.5116006719363
1001,pmem to dram,exchange THP,1,4,False,True,1848.1033250543696
1002,pmem to dram,exchange THP,1,4,True,False,4318.766888402955
1003,pmem to dram,exchange THP,1,4,False,False,5364.341731903209
1004,pmem to pmem,exchange THP,1,4,True,True,1559.4124851085853
1005,pmem to pmem,exchange THP,1,4,False,True,1738.4957326666433
1006,pmem to pmem,exchange THP,1,4,True,False,1369.4129364400337
1007,pmem to pmem,exchange THP,1,4,False,False,3926.5279862791413
1008,dram to dram,exchange THP,1,8,True,True,2023.9766856101608
1009,dram to dram,exchange THP,1,8,False,True,2034.218349692051
1010,dram to dram,exchange THP,1,8,True,False,8721.361230060787
1011,dram to dram,exchange THP,1,8,False,False,8460.82474215901
1012,dram to pmem,exchange THP,1,8,True,True,1670.7241420693176
1013,dram to pmem,exchange THP,1,8,False,True,1924.8330093077466
1014,dram to pmem,exchange THP,1,8,True,False,1344.581858656177
1015,dram to pmem,exchange THP,1,8,False,False,1829.4929284781354
1016,pmem to dram,exchange THP,1,8,True,True,1941.1767396410407
1017,pmem to dram,exchange THP,1,8,False,True,1918.1018004238572
1018,pmem to dram,exchange THP,1,8,True,False,1468.2523780113752
1019,pmem to dram,exchange THP,1,8,False,False,1477.603524712388
1020,pmem to pmem,exchange THP,1,8,True,True,1424.822986448393
1021,pmem to pmem,exchange THP,1,8,False,True,1805.0158683457526
1022,pmem to pmem,exchange THP,1,8,True,False,933.6486755076077
1023,pmem to pmem,exchange THP,1,8,False,False,1303.0037812273918
1024,dram to dram,exchange THP,1,16,True,True,2450.360426195171
1025,dram to dram,exchange THP,1,16,False,True,2330.6101949717113
1026,dram to dram,exchange THP,1,16,True,False,7792.303931022525
1027,dram to dram,exchange THP,1,16,False,False,7963.148341185371
1028,dram to pmem,exchange THP,1,16,True,True,1775.0592843452434
1029,dram to pmem,exchange THP,1,16,False,True,1884.7542844366915
1030,dram to pmem,exchange THP,1,16,True,False,1256.884881520925
1031,dram to pmem,exchange THP,1,16,False,False,756.6505212341993
1032,pmem to dram,exchange THP,1,16,True,True,2243.951621244528
1033,pmem to dram,exchange THP,1,16,False,True,2271.1017413339036
1034,pmem to dram,exchange THP,1,16,True,False,1184.1890891822202
1035,pmem to dram,exchange THP,1,16,False,False,1194.5194878500681
1036,pmem to pmem,exchange THP,1,16,True,True,1559.105101930272
1037,pmem to pmem,exchange THP,1,16,False,True,1731.8142911891382
1038,pmem to pmem,exchange THP,1,16,True,False,697.818122481438
1039,pmem to pmem,exchange THP,1,16,False,False,711.1989204711585
1040,dram to dram,exchange THP,1,32,True,True,2611.923482118113
1041,dram to dram,exchange THP,1,32,False,True,2596.7404918095026
1042,dram to dram,exchange THP,1,32,True,False,7358.586507514237
1043,dram to dram,exchange THP,1,32,False,False,7361.599428942328
1044,dram to pmem,exchange THP,1,32,True,True,2160.1192585641757
1045,dram to pmem,exchange THP,1,32,False,True,1999.1460397797828
1046,dram to pmem,exchange THP,1,32,True,False,1177.101648874058
1047,dram to pmem,exchange THP,1,32,False,False,580.4844212334725
1048,pmem to dram,exchange THP,1,32,True,True,2409.6714966762215
1049,pmem to dram,exchange THP,1,32,False,True,2411.872951095085
1050,pmem to dram,exchange THP,1,32,True,False,1081.4068530688673
1051,pmem to dram,exchange THP,1,32,False,False,1111.7296516261208
1052,pmem to pmem,exchange THP,1,32,True,True,1672.7794820757942
1053,pmem to pmem,exchange THP,1,32,False,True,1841.3142967712135
1054,pmem to pmem,exchange THP,1,32,True,False,573.8356794041711
1055,pmem to pmem,exchange THP,1,32,False,False,581.2065681075397
1056,dram to dram,exchange THP,1,64,True,True,3650.439638273715
1057,dram to dram,exchange THP,1,64,False,True,3542.126488185702
1058,dram to dram,exchange THP,1,64,True,False,8220.213825614881
1059,dram to dram,exchange THP,1,64,False,False,7971.838186183601
1060,dram to pmem,exchange THP,1,64,True,True,2231.2433132535903
1061,dram to pmem,exchange THP,1,64,False,True,2004.117625627843
1062,dram to pmem,exchange THP,1,64,True,False,1103.171312340979
1063,dram to pmem,exchange THP,1,64,False,False,516.5375651508427
1064,pmem to dram,exchange THP,1,64,True,True,2433.776133802562
1065,pmem to dram,exchange THP,1,64,False,True,2435.500988832429
1066,pmem to dram,exchange THP,1,64,True,False,1041.5978752640242
1067,pmem to dram,exchange THP,1,64,False,False,1053.7117556789767
1068,pmem to pmem,exchange THP,1,64,True,True,1709.7113913805078
1069,pmem to pmem,exchange THP,1,64,False,True,1798.7919625157726
1070,pmem to pmem,exchange THP,1,64,True,False,527.0954577179141
1071,pmem to pmem,exchange THP,1,64,False,False,523.6863846839851
1072,dram to dram,exchange THP,1,128,True,True,3791.701301241385
1073,dram to dram,exchange THP,1,128,False,True,3789.313629336653
1074,dram to dram,exchange THP,1,128,True,False,8289.889535764729
1075,dram to dram,exchange THP,1,128,False,False,8307.422558093336
1076,dram to pmem,exchange THP,1,128,True,True,2265.475791234544
1077,dram to pmem,exchange THP,1,128,False,True,1949.808513647245
1078,dram to pmem,exchange THP,1,128,True,False,1037.771543449009
1079,dram to pmem,exchange THP,1,128,False,False,483.36619243492464
1080,pmem to dram,exchange THP,1,128,True,True,2447.6063613511146
1081,pmem to dram,exchange THP,1,128,False,True,2447.127873740766
1082,pmem to dram,exchange THP,1,128,True,False,1023.9771104252645
1083,pmem to dram,exchange THP,1,128,False,False,1027.392651905552
1084,pmem to pmem,exchange THP,1,128,True,True,1720.1113493924474
1085,pmem to pmem,exchange THP,1,128,False,True,1762.6666568618334
1086,pmem to pmem,exchange THP,1,128,True,False,501.6197784671961
1087,pmem to pmem,exchange THP,1,128,False,False,500.36772229140144
1088,dram to dram,exchange THP,1,256,True,True,3837.353864383675
1089,dram to dram,exchange THP,1,256,False,True,3836.211421856316
1090,dram to dram,exchange THP,1,256,True,False,8196.563663044557
1091,dram to dram,exchange THP,1,256,False,False,8216.436787294517
1092,dram to pmem,exchange THP,1,256,True,True,2280.347231964793
1093,dram to pmem,exchange THP,1,256,False,True,1925.6952328190264
1094,dram to pmem,exchange THP,1,256,True,False,1004.3069891576048
1095,dram to pmem,exchange THP,1,256,False,False,472.4270177299197
1096,pmem to dram,exchange THP,1,256,True,True,2449.446849598725
1097,pmem to dram,exchange THP,1,256,False,True,2451.3648319622084
1098,pmem to dram,exchange THP,1,256,True,False,1015.6790223888812
1099,pmem to dram,exchange THP,1,256,False,False,1015.7890288640549
1100,pmem to pmem,exchange THP,1,256,True,True,1725.687370029704
1101,pmem to pmem,exchange THP,1,256,False,True,1745.107408094004
1102,pmem to pmem,exchange THP,1,256,True,False,493.4065352296931
1103,pmem to pmem,exchange THP,1,256,False,False,486.42747241430493
1104,dram to dram,exchange THP,1,512,True,True,3843.6426311720343
1105,dram to dram,exchange THP,1,512,False,True,3846.157690289068
1106,dram to dram,exchange THP,1,512,True,False,8141.876161274844
1107,dram to dram,exchange THP,1,512,False,False,8144.426890924479
1108,dram to pmem,exchange THP,1,512,True,True,2337.130489247851
1109,dram to pmem,exchange THP,1,512,False,True,1943.8734171271544
1110,dram to pmem,exchange THP,1,512,True,False,1002.8185350934173
1111,dram to pmem,exchange THP,1,512,False,False,468.0477829818927
1112,pmem to dram,exchange THP,1,512,True,True,2448.960769160185
1113,pmem to dram,exchange THP,1,512,False,True,2450.369289556152
1114,pmem to dram,exchange THP,1,512,True,False,1012.9328694898212
1115,pmem to dram,exchange THP,1,512,False,False,1011.1435577972372
1116,pmem to pmem,exchange THP,1,512,True,True,1753.166904774468
1117,pmem to pmem,exchange THP,1,512,False,True,1762.4693684587953
1118,pmem to pmem,exchange THP,1,512,True,False,490.1147469420113
1119,pmem to pmem,exchange THP,1,512,False,False,484.5820133140846
1120,dram to dram,exchange THP,2,1,True,True,2983.0546091400497
1121,dram to dram,exchange THP,2,1,False,True,3027.49663266687
1122,dram to dram,exchange THP,2,1,True,False,6713.707376350294
1123,dram to dram,exchange THP,2,1,False,False,6486.596583314982
1124,dram to pmem,exchange THP,2,1,True,True,2169.9929041232035
1125,dram to pmem,exchange THP,2,1,False,True,2047.181599031028
1126,dram to pmem,exchange THP,2,1,True,False,1353.3734558939314
1127,dram to pmem,exchange THP,2,1,False,False,5466.770644644328
1128,pmem to dram,exchange THP,2,1,True,True,2212.76976152759
1129,pmem to dram,exchange THP,2,1,False,True,2124.3038523506857
1130,pmem to dram,exchange THP,2,1,True,False,6553.034857885971
1131,pmem to dram,exchange THP,2,1,False,False,5269.199447893282
1132,pmem to pmem,exchange THP,2,1,True,True,1930.7386137103679
1133,pmem to pmem,exchange THP,2,1,False,True,2013.5163324363791
1134,pmem to pmem,exchange THP,2,1,True,False,1309.8352384450263
1135,pmem to pmem,exchange THP,2,1,False,False,5094.784647274048
1136,dram to dram,exchange THP,2,2,True,True,1844.2171344369742
1137,dram to dram,exchange THP,2,2,False,True,2045.4860877797857
1138,dram to dram,exchange THP,2,2,True,False,4713.146142879025
1139,dram to dram,exchange THP,2,2,False,False,4690.400169698679
1140,dram to pmem,exchange THP,2,2,True,True,2293.7237067584338
1141,dram to pmem,exchange THP,2,2,False,True,1647.3540487555845
1142,dram to pmem,exchange THP,2,2,True,False,1319.2980687818028
1143,dram to pmem,exchange THP,2,2,False,False,4457.44482992675
1144,pmem to dram,exchange THP,2,2,True,True,1644.804473868169
1145,pmem to dram,exchange THP,2,2,False,True,1799.420163843504
1146,pmem to dram,exchange THP,2,2,True,False,4680.24123835439
1147,pmem to dram,exchange THP,2,2,False,False,4410.399589921046
1148,pmem to pmem,exchange THP,2,2,True,True,2011.2495219511293
1149,pmem to pmem,exchange THP,2,2,False,True,1755.7438171371743
1150,pmem to pmem,exchange THP,2,2,True,False,1288.9526318930448
1151,pmem to pmem,exchange THP,2,2,False,False,4268.457825395745
1152,dram to dram,exchange THP,2,4,True,True,2467.559382356315
1153,dram to dram,exchange THP,2,4,False,True,2314.9769167864183
1154,dram to dram,exchange THP,2,4,True,False,6091.876307802102
1155,dram to dram,exchange THP,2,4,False,False,6765.375181914596
1156,dram to pmem,exchange THP,2,4,True,True,2343.2788041615577
1157,dram to pmem,exchange THP,2,4,False,True,2000.138459584865
1158,dram to pmem,exchange THP,2,4,True,False,1271.611878368162
1159,dram to pmem,exchange THP,2,4,False,False,4847.72302146699
1160,pmem to dram,exchange THP,2,4,True,True,2090.8376436604744
1161,pmem to dram,exchange THP,2,4,False,True,2123.2466096794356
1162,pmem to dram,exchange THP,2,4,True,False,4792.554287658693
1163,pmem to dram,exchange THP,2,4,False,False,4951.7253203688915
1164,pmem to pmem,exchange THP,2,4,True,True,2035.3149015046242
1165,pmem to pmem,exchange THP,2,4,False,True,1898.3843728605354
1166,pmem to pmem,exchange THP,2,4,True,False,1207.6436354734933
1167,pmem to pmem,exchange THP,2,4,False,False,4114.760675232227
1168,dram to dram,exchange THP,2,8,True,True,2985.234637670038
1169,dram to dram,exchange THP,2,8,False,True,2892.9081910634236
1170,dram to dram,exchange THP,2,8,True,False,8103.3345322892055
1171,dram to dram,exchange THP,2,8,False,False,8359.990818640083
1172,dram to pmem,exchange THP,2,8,True,True,2367.3108578177266
1173,dram to pmem,exchange THP,2,8,False,True,2152.1809286854404
1174,dram to pmem,exchange THP,2,8,True,False,1127.736516091475
1175,dram to pmem,exchange THP,2,8,False,False,1380.8141585784113
1176,pmem to dram,exchange THP,2,8,True,True,2663.817270126721
1177,pmem to dram,exchange THP,2,8,False,True,2459.1719058299464
1178,pmem to dram,exchange THP,2,8,True,False,1536.8179855115138
1179,pmem to dram,exchange THP,2,8,False,False,1574.1713429230144
1180,pmem to pmem,exchange THP,2,8,True,True,985.6832040426021
1181,pmem to pmem,exchange THP,2,8,False,True,2071.440325927671
1182,pmem to pmem,exchange THP,2,8,True,False,561.5806786089676
1183,pmem to pmem,exchange THP,2,8,False,False,1182.8148330214017
1184,dram to dram,exchange THP,2,16,True,True,3947.5994172997844
1185,dram to dram,exchange THP,2,16,False,True,3798.8701044391305
1186,dram to dram,exchange THP,2,16,True,False,9790.870374414204
1187,dram to dram,exchange THP,2,16,False,False,10149.77354745084
1188,dram to pmem,exchange THP,2,16,True,True,2430.5805866323217
1189,dram to pmem,exchange THP,2,16,False,True,1233.1340783908884
1190,dram to pmem,exchange THP,2,16,True,False,1100.084422541244
1191,dram to pmem,exchange THP,2,16,False,False,564.4617267572864
1192,pmem to dram,exchange THP,2,16,True,True,2922.5478337285454
1193,pmem to dram,exchange THP,2,16,False,True,2940.822598810077
1194,pmem to dram,exchange THP,2,16,True,False,1189.745576923766
1195,pmem to dram,exchange THP,2,16,False,False,1181.5644777704706
1196,pmem to pmem,exchange THP,2,16,True,True,587.1715842216507
1197,pmem to pmem,exchange THP,2,16,False,True,1232.1619766250017
1198,pmem to pmem,exchange THP,2,16,True,False,377.5762474258754
1199,pmem to pmem,exchange THP,2,16,False,False,548.9692050697917
1200,dram to dram,exchange THP,2,32,True,True,4740.768272313522
1201,dram to dram,exchange THP,2,32,False,True,4538.047246928758
1202,dram to dram,exchange THP,2,32,True,False,11145.93189246969
1203,dram to dram,exchange THP,2,32,False,False,11747.682540172027
1204,dram to pmem,exchange THP,2,32,True,True,2677.1862573319713
1205,dram to pmem,exchange THP,2,32,False,True,729.4745708304769
1206,dram to pmem,exchange THP,2,32,True,False,1066.6296581729603
1207,dram to pmem,exchange THP,2,32,False,False,421.23668152454
1208,pmem to dram,exchange THP,2,32,True,True,2990.164712849437
1209,pmem to dram,exchange THP,2,32,False,True,3009.0312311112766
1210,pmem to dram,exchange THP,2,32,True,False,1082.61786445466
1211,pmem to dram,exchange THP,2,32,False,False,1098.7022288927485
1212,pmem to pmem,exchange THP,2,32,True,True,543.4682794395825
1213,pmem to pmem,exchange THP,2,32,False,True,725.3402206321523
1214,pmem to pmem,exchange THP,2,32,True,False,361.1982940324644
1215,pmem to pmem,exchange THP,2,32,False,False,415.49266023581237
1216,dram to dram,exchange THP,2,64,True,True,6592.570602478185
1217,dram to dram,exchange THP,2,64,False,True,6124.916699936608
1218,dram to dram,exchange THP,2,64,True,False,13510.911464876031
1219,dram to dram,exchange THP,2,64,False,False,12909.698094002088
1220,dram to pmem,exchange THP,2,64,True,True,2765.979297401281
1221,dram to pmem,exchange THP,2,64,False,True,591.4940066664137
1222,dram to pmem,exchange THP,2,64,True,False,1021.7819411024469
1223,dram to pmem,exchange THP,2,64,False,False,370.4339543510887
1224,pmem to dram,exchange THP,2,64,True,True,3052.272273035865
1225,pmem to dram,exchange THP,2,64,False,True,3056.420578295213
1226,pmem to dram,exchange THP,2,64,True,False,1043.9378814713664
1227,pmem to dram,exchange THP,2,64,False,False,1046.8964897101864
1228,pmem to pmem,exchange THP,2,64,True,True,536.7185671704104
1229,pmem to pmem,exchange THP,2,64,False,True,611.0569502480639
1230,pmem to pmem,exchange THP,2,64,True,False,345.597682770993
1231,pmem to pmem,exchange THP,2,64,False,False,361.7548442158779
1232,dram to dram,exchange THP,2,128,True,True,7048.832754872893
1233,dram to dram,exchange THP,2,128,False,True,7036.0931072788335
1234,dram to dram,exchange THP,2,128,True,False,14513.707706524237
1235,dram to dram,exchange THP,2,128,False,False,14551.91096376897
1236,dram to pmem,exchange THP,2,128,True,True,2807.063235585233
1237,dram to pmem,exchange THP,2,128,False,True,541.3118593063625
1238,dram to pmem,exchange THP,2,128,True,False,1003.3804266761834
1239,dram to pmem,exchange THP,2,128,False,False,344.76873013511596
1240,pmem to dram,exchange THP,2,128,True,True,3058.6246162016027
1241,pmem to dram,exchange THP,2,128,False,True,3059.9191027910797
1242,pmem to dram,exchange THP,2,128,True,False,1022.5603058505357
1243,pmem to dram,exchange THP,2,128,False,False,1026.2680157797317
1244,pmem to pmem,exchange THP,2,128,True,True,531.5268628828395
1245,pmem to pmem,exchange THP,2,128,False,True,559.1624767967012
1246,pmem to pmem,exchange THP,2,128,True,False,337.87731057223954
1247,pmem to pmem,exchange THP,2,128,False,False,342.1639630424079
1248,dram to dram,exchange THP,2,256,True,True,7199.05569536503
1249,dram to dram,exchange THP,2,256,False,True,7199.351431802584
1250,dram to dram,exchange THP,2,256,True,False,14589.52751860723
1251,dram to dram,exchange THP,2,256,False,False,14796.817201152027
1252,dram to pmem,exchange THP,2,256,True,True,2828.4038699960774
1253,dram to pmem,exchange THP,2,256,False,True,512.7169744958596
1254,dram to pmem,exchange THP,2,256,True,False,993.7007618252112
1255,dram to pmem,exchange THP,2,256,False,False,334.6485347554432
1256,pmem to dram,exchange THP,2,256,True,True,3070.0521894241483
1257,pmem to dram,exchange THP,2,256,False,True,3069.4160231707915
1258,pmem to dram,exchange THP,2,256,True,False,1010.7255776108004
1259,pmem to dram,exchange THP,2,256,False,False,1011.854863917754
1260,pmem to pmem,exchange THP,2,256,True,True,521.9560965563802
1261,pmem to pmem,exchange THP,2,256,False,True,531.4026978451856
1262,pmem to pmem,exchange THP,2,256,True,False,333.20135104169634
1263,pmem to pmem,exchange THP,2,256,False,False,331.84646143011196
1264,dram to dram,exchange THP,2,512,True,True,7409.940900721054
1265,dram to dram,exchange THP,2,512,False,True,7400.04689808628
1266,dram to dram,exchange THP,2,512,True,False,14676.874742640499
1267,dram to dram,exchange THP,2,512,False,False,14682.543472548597
1268,dram to pmem,exchange THP,2,512,True,True,2913.8795273821947
1269,dram to pmem,exchange THP,2,512,False,True,505.57057230141135
1270,dram to pmem,exchange THP,2,512,True,False,994.6268720721167
1271,dram to pmem,exchange THP,2,512,False,False,331.68680996036994
1272,pmem to dram,exchange THP,2,512,True,True,3069.4029005499515
1273,pmem to dram,exchange THP,2,512,False,True,3071.318907390416
1274,pmem to dram,exchange THP,2,512,True,False,1009.0239087298776
1275,pmem to dram,exchange THP,2,512,False,False,1008.036716644314
1276,pmem to pmem,exchange THP,2,512,True,True,515.7781849884269
1277,pmem to pmem,exchange THP,2,512,False,True,518.4610557665062
1278,pmem to pmem,exchange THP,2,512,True,False,332.8935131234294
1279,pmem to pmem,exchange THP,2,512,False,False,329.61077064109264
1280,dram to dram,exchange THP,4,1,True,True,4787.367859670759
1281,dram to dram,exchange THP,4,1,False,True,5157.4185985282265
1282,dram to dram,exchange THP,4,1,True,False,8753.639325549597
1283,dram to dram,exchange THP,4,1,False,False,8506.49726260918
1284,dram to pmem,exchange THP,4,1,True,True,1660.532659024231
1285,dram to pmem,exchange THP,4,1,False,True,1889.5237058699377
1286,dram to pmem,exchange THP,4,1,True,False,1243.676526699994
1287,dram to pmem,exchange THP,4,1,False,False,7501.051084783256
1288,pmem to dram,exchange THP,4,1,True,True,1941.2388928376924
1289,pmem to dram,exchange THP,4,1,False,True,1927.594165866394
1290,pmem to dram,exchange THP,4,1,True,False,8566.957843285496
1291,pmem to dram,exchange THP,4,1,False,False,7323.694862647763
1292,pmem to pmem,exchange THP,4,1,True,True,1652.4260588911425
1293,pmem to pmem,exchange THP,4,1,False,True,1880.2069393361573
1294,pmem to pmem,exchange THP,4,1,True,False,1151.086821644392
1295,pmem to pmem,exchange THP,4,1,False,False,6932.6060567406075
1296,dram to dram,exchange THP,4,2,True,True,5744.082733172422
1297,dram to dram,exchange THP,4,2,False,True,5687.289774665314
1298,dram to dram,exchange THP,4,2,True,False,11781.258550616558
1299,dram to dram,exchange THP,4,2,False,False,11628.478259542402
1300,dram to pmem,exchange THP,4,2,True,True,1681.5614475133175
1301,dram to pmem,exchange THP,4,2,False,True,1943.2943785400446
1302,dram to pmem,exchange THP,4,2,True,False,1141.299399610891
1303,dram to pmem,exchange THP,4,2,False,False,10320.308845562513
1304,pmem to dram,exchange THP,4,2,True,True,2023.7665067250268
1305,pmem to dram,exchange THP,4,2,False,True,1956.4615885695296
1306,pmem to dram,exchange THP,4,2,True,False,11569.430902586259
1307,pmem to dram,exchange THP,4,2,False,False,11187.922413995644
1308,pmem to pmem,exchange THP,4,2,True,True,1663.4606235581953
1309,pmem to pmem,exchange THP,4,2,False,True,1953.776767718606
1310,pmem to pmem,exchange THP,4,2,True,False,1094.4240626203184
1311,pmem to pmem,exchange THP,4,2,False,False,9922.057279044466
1312,dram to dram,exchange THP,4,4,True,True,3683.473589264148
1313,dram to dram,exchange THP,4,4,False,True,3114.1174974437963
1314,dram to dram,exchange THP,4,4,True,False,9145.859075115854
1315,dram to dram,exchange THP,4,4,False,False,10473.272796943795
1316,dram to pmem,exchange THP,4,4,True,True,1746.7619618477495
1317,dram to pmem,exchange THP,4,4,False,True,2033.2622903017175
1318,dram to pmem,exchange THP,4,4,True,False,1018.8240997135372
1319,dram to pmem,exchange THP,4,4,False,False,7524.211030041918
1320,pmem to dram,exchange THP,4,4,True,True,2057.208975839341
1321,pmem to dram,exchange THP,4,4,False,True,2012.9502145578472
1322,pmem to dram,exchange THP,4,4,True,False,6958.676508438831
1323,pmem to dram,exchange THP,4,4,False,False,5860.461102544664
1324,pmem to pmem,exchange THP,4,4,True,True,1727.8762135657591
1325,pmem to pmem,exchange THP,4,4,False,True,1938.820048659536
1326,pmem to pmem,exchange THP,4,4,True,False,992.3513773328538
1327,pmem to pmem,exchange THP,4,4,False,False,5351.817440409018
1328,dram to dram,exchange THP,4,8,True,True,4637.4621905533795
1329,dram to dram,exchange THP,4,8,False,True,4707.015774651384
1330,dram to dram,exchange THP,4,8,True,False,13970.143707375782
1331,dram to dram,exchange THP,4,8,False,False,13661.25350880758
1332,dram to pmem,exchange THP,4,8,True,True,1747.382467478564
1333,dram to pmem,exchange THP,4,8,False,True,2023.8872582471413
1334,dram to pmem,exchange THP,4,8,True,False,894.95699063239
1335,dram to pmem,exchange THP,4,8,False,False,1154.6857686140922
1336,pmem to dram,exchange THP,4,8,True,True,2562.381785116902
1337,pmem to dram,exchange THP,4,8,False,True,2585.145106699198
1338,pmem to dram,exchange THP,4,8,True,False,1547.5317560044982
1339,pmem to dram,exchange THP,4,8,False,False,1503.2281119065015
1340,pmem to pmem,exchange THP,4,8,True,True,436.9337069487922
1341,pmem to pmem,exchange THP,4,8,False,True,1968.1719048577827
1342,pmem to pmem,exchange THP,4,8,True,False,504.84916935320314
1343,pmem to pmem,exchange THP,4,8,False,False,1105.4206359730877
1344,dram to dram,exchange THP,4,16,True,True,6280.730929483015
1345,dram to dram,exchange THP,4,16,False,True,5855.689425358688
1346,dram to dram,exchange THP,4,16,True,False,16662.56784854434
1347,dram to dram,exchange THP,4,16,False,False,16684.165053733697
1348,dram to pmem,exchange THP,4,16,True,True,1958.6393875696986
1349,dram to pmem,exchange THP,4,16,False,True,829.798878482214
1350,dram to pmem,exchange THP,4,16,True,False,953.059116344912
1351,dram to pmem,exchange THP,4,16,False,False,474.89389571831657
1352,pmem to dram,exchange THP,4,16,True,True,2846.5922425717886
1353,pmem to dram,exchange THP,4,16,False,True,2867.086501908167
1354,pmem to dram,exchange THP,4,16,True,False,1137.4508471054994
1355,pmem to dram,exchange THP,4,16,False,False,1086.9881455620473
1356,pmem to pmem,exchange THP,4,16,True,True,236.85206382115342
1357,pmem to pmem,exchange THP,4,16,False,True,903.0740881840841
1358,pmem to pmem,exchange THP,4,16,True,False,299.14609858608156
1359,pmem to pmem,exchange THP,4,16,False,False,471.28416537369617
1360,dram to dram,exchange THP,4,32,True,True,8263.41462394304
1361,dram to dram,exchange THP,4,32,False,True,8230.39096813356
1362,dram to dram,exchange THP,4,32,True,False,18702.544849433114
1363,dram to dram,exchange THP,4,32,False,False,18608.702342204673
1364,dram to pmem,exchange THP,4,32,True,True,2321.7860934481537
1365,dram to pmem,exchange THP,4,32,False,True,368.10966914680245
1366,dram to pmem,exchange THP,4,32,True,False,986.0619055734762
1367,dram to pmem,exchange THP,4,32,False,False,345.92350803831476
1368,pmem to dram,exchange THP,4,32,True,True,2926.469937041937
1369,pmem to dram,exchange THP,4,32,False,True,2918.3414545684113
1370,pmem to dram,exchange THP,4,32,True,False,1067.4660742185476
1371,pmem to dram,exchange THP,4,32,False,False,1077.9273932765477
1372,pmem to pmem,exchange THP,4,32,True,True,225.25749064968036
1373,pmem to pmem,exchange THP,4,32,False,True,373.1451269849977
1374,pmem to pmem,exchange THP,4,32,True,False,284.98151084708627
1375,pmem to pmem,exchange THP,4,32,False,False,347.2928740510317
1376,dram to dram,exchange THP,4,64,True,True,10516.215379715233
1377,dram to dram,exchange THP,4,64,False,True,10196.625106683186
1378,dram to dram,exchange THP,4,64,True,False,20270.590529336223
1379,dram to dram,exchange THP,4,64,False,False,20257.78313919704
1380,dram to pmem,exchange THP,4,64,True,True,2529.2739250887157
1381,dram to pmem,exchange THP,4,64,False,True,272.74246516056417
1382,dram to pmem,exchange THP,4,64,True,False,977.5501581425276
1383,dram to pmem,exchange THP,4,64,False,False,301.37203891723937
1384,pmem to dram,exchange THP,4,64,True,True,2945.3942250359564
1385,pmem to dram,exchange THP,4,64,False,True,2941.6568961524613
1386,pmem to dram,exchange THP,4,64,True,False,1029.7177243168785
1387,pmem to dram,exchange THP,4,64,False,False,1039.2456809298621
1388,pmem to pmem,exchange THP,4,64,True,True,220.821552418691
1389,pmem to pmem,exchange THP,4,64,False,True,274.12820640577877
1390,pmem to pmem,exchange THP,4,64,True,False,274.0675385149039
1391,pmem to pmem,exchange THP,4,64,False,False,296.70245152669884
1392,dram to dram,exchange THP,4,128,True,True,12443.779696004782
1393,dram to dram,exchange THP,4,128,False,True,12606.030069862765
1394,dram to dram,exchange THP,4,128,True,False,22466.78251101399
1395,dram to dram,exchange THP,4,128,False,False,22944.983835303705
1396,dram to pmem,exchange THP,4,128,True,True,2645.693660494782
1397,dram to pmem,exchange THP,4,128,False,True,237.11995096789195
1398,dram to pmem,exchange THP,4,128,True,False,982.6277988010547
1399,dram to pmem,exchange THP,4,128,False,False,277.2046706565796
1400,pmem to dram,exchange THP,4,128,True,True,2948.675836759794
1401,pmem to dram,exchange THP,4,128,False,True,2947.19269177997
1402,pmem to dram,exchange THP,4,128,True,False,1009.0357559561318
1403,pmem to dram,exchange THP,4,128,False,False,1013.9645418714773
1404,pmem to pmem,exchange THP,4,128,True,True,219.709054172832
1405,pmem to pmem,exchange THP,4,128,False,True,237.33384487553312
1406,pmem to pmem,exchange THP,4,128,True,False,268.9340204264469
1407,pmem to pmem,exchange THP,4,128,False,False,275.0083878981692
1408,dram to dram,exchange THP,4,256,True,True,13309.892844314354
1409,dram to dram,exchange THP,4,256,False,True,13204.023749840257
1410,dram to dram,exchange THP,4,256,True,False,24179.690995827823
1411,dram to dram,exchange THP,4,256,False,False,24291.84791631242
1412,dram to pmem,exchange THP,4,256,True,True,2717.420160783892
1413,dram to pmem,exchange THP,4,256,False,True,221.97166902250905
1414,dram to pmem,exchange THP,4,256,True,False,980.1617572893776
1415,dram to pmem,exchange THP,4,256,False,False,268.38037726218204
1416,pmem to dram,exchange THP,4,256,True,True,2953.3629830941654
1417,pmem to dram,exchange THP,4,256,False,True,2953.455422485231
1418,pmem to dram,exchange THP,4,256,True,False,1000.92408869841
1419,pmem to dram,exchange THP,4,256,False,False,1000.872907983487
1420,pmem to pmem,exchange THP,4,256,True,True,217.707958114075
1421,pmem to pmem,exchange THP,4,256,False,True,222.13902269303
1422,pmem to pmem,exchange THP,4,256,True,False,266.5811222840445
1423,pmem to pmem,exchange THP,4,256,False,False,266.3135417484632
1424,dram to dram,exchange THP,4,512,True,True,13639.08703414443
1425,dram to dram,exchange THP,4,512,False,True,13537.711028589361
1426,dram to dram,exchange THP,4,512,True,False,24749.99495936382
1427,dram to dram,exchange THP,4,512,False,False,24722.885486189847
1428,dram to pmem,exchange THP,4,512,True,True,2805.525830855646
1429,dram to pmem,exchange THP,4,512,False,True,215.53796467125883
1430,dram to pmem,exchange THP,4,512,True,False,984.133744923835
1431,dram to pmem,exchange THP,4,512,False,False,266.1217517413236
1432,pmem to dram,exchange THP,4,512,True,True,2951.9807966130857
1433,pmem to dram,exchange THP,4,512,False,True,2957.174574391364
1434,pmem to dram,exchange THP,4,512,True,False,999.0153159684914
1435,pmem to dram,exchange THP,4,512,False,False,999.0853943980844
1436,pmem to pmem,exchange THP,4,512,True,True,217.83265424044856
1437,pmem to pmem,exchange THP,4,512,False,True,217.29805627329628
1438,pmem to pmem,exchange THP,4,512,True,False,266.0851074456683
1439,pmem to pmem,exchange THP,4,512,False,False,264.4444033643722
